-- phpMyAdmin SQL Dump
-- version 5.2.1
-- https://www.phpmyadmin.net/
--
-- Host: 127.0.0.1
-- Generation Time: Mar 22, 2026 at 09:23 AM
-- Server version: 10.4.32-MariaDB
-- PHP Version: 8.0.30

SET SQL_MODE = "NO_AUTO_VALUE_ON_ZERO";
START TRANSACTION;
SET time_zone = "+00:00";


/*!40101 SET @OLD_CHARACTER_SET_CLIENT=@@CHARACTER_SET_CLIENT */;
/*!40101 SET @OLD_CHARACTER_SET_RESULTS=@@CHARACTER_SET_RESULTS */;
/*!40101 SET @OLD_COLLATION_CONNECTION=@@COLLATION_CONNECTION */;
/*!40101 SET NAMES utf8mb4 */;

--
-- Database: `roster_pro_db`
--

-- --------------------------------------------------------

--
-- Table structure for table `holidays`
--

CREATE TABLE `holidays` (
  `id` int(11) NOT NULL,
  `hospital_id` int(11) DEFAULT NULL COMMENT 'NULL = วันหยุดส่วนกลาง',
  `status` enum('PENDING','APPROVED') DEFAULT 'APPROVED',
  `holiday_date` date NOT NULL,
  `holiday_name` varchar(255) NOT NULL
) ENGINE=InnoDB DEFAULT CHARSET=utf8mb4 COLLATE=utf8mb4_general_ci;

--
-- Dumping data for table `holidays`
--

INSERT INTO `holidays` (`id`, `hospital_id`, `status`, `holiday_date`, `holiday_name`) VALUES
(1, NULL, 'APPROVED', '2026-01-01', 'วันขึ้นปีใหม่'),
(2, NULL, 'APPROVED', '2026-03-03', 'วันมาฆบูชา'),
(3, NULL, 'APPROVED', '2026-04-06', 'วันจักรี'),
(4, NULL, 'APPROVED', '2026-04-13', 'วันสงกรานต์'),
(5, NULL, 'APPROVED', '2026-04-14', 'วันสงกรานต์'),
(6, NULL, 'APPROVED', '2026-04-15', 'วันสงกรานต์');

-- --------------------------------------------------------

--
-- Table structure for table `hospitals`
--

CREATE TABLE `hospitals` (
  `id` int(11) NOT NULL,
  `hospital_code` varchar(10) NOT NULL,
  `name` varchar(255) NOT NULL,
  `is_active` tinyint(1) DEFAULT 1,
  `address` varchar(255) DEFAULT NULL,
  `sub_district` varchar(100) DEFAULT NULL,
  `district` varchar(100) DEFAULT NULL,
  `province` varchar(100) DEFAULT NULL,
  `zipcode` varchar(10) DEFAULT NULL,
  `latitude` varchar(50) DEFAULT NULL,
  `longitude` varchar(50) DEFAULT NULL,
  `hospital_size` enum('S','M','L','XL') DEFAULT 'S',
  `phone` varchar(50) DEFAULT NULL,
  `morning_shift` varchar(50) DEFAULT '08:30 - 16:30',
  `afternoon_shift` varchar(50) DEFAULT '16:30 - 00:30',
  `night_shift` varchar(50) DEFAULT '00:30 - 08:30',
  `created_at` datetime DEFAULT current_timestamp()
) ENGINE=InnoDB DEFAULT CHARSET=utf8mb4 COLLATE=utf8mb4_general_ci;

--
-- Dumping data for table `hospitals`
--

INSERT INTO `hospitals` (`id`, `hospital_code`, `name`, `is_active`, `address`, `sub_district`, `district`, `province`, `zipcode`, `latitude`, `longitude`, `hospital_size`, `phone`, `morning_shift`, `afternoon_shift`, `night_shift`, `created_at`) VALUES
(1, '00000', 'กองสาธารณสุข อบจ.ศรีสะเกษ (ส่วนกลาง)', 1, 'ศาลากลางจังหวัด', 'หนองครก', 'เมืองศรีสะเกษ', 'ศรีสะเกษ', '33000', NULL, NULL, 'XL', '045-888-888', '08:30 - 16:30', '16:30 - 00:30', '00:30 - 08:30', '2026-03-12 22:27:09'),
(2, '04123', 'รพ.สต. เฉลิมพระเกียรติ 60 พรรษาฯ บ้านภูมิซรอล', 1, '123 ม.1', 'เสาธงชัย', 'กันทรลักษ์', 'ศรีสะเกษ', '33110', '14.942318', '104.400040', 'M', '045-111-222', '08:30 - 16:30', '16:30 - 00:30', '00:30 - 08:30', '2026-03-12 22:27:09'),
(3, '04124', 'รพ.สต. บ้านชำเม็ง', 1, '456 ม.2', 'พยุห์', 'พยุห์', 'ศรีสะเกษ', '33230', '15.232788', '104.861371', 'S', '045-333-444', '08:30 - 16:30', '16:30 - 00:30', '00:30 - 08:30', '2026-03-12 22:27:09');

-- --------------------------------------------------------

--
-- Table structure for table `leave_balances`
--

CREATE TABLE `leave_balances` (
  `id` int(11) NOT NULL,
  `user_id` int(11) NOT NULL COMMENT 'รหัสพนักงาน',
  `budget_year` int(4) NOT NULL COMMENT 'ปีงบประมาณ (เช่น 2024, 2025)',
  `leave_type_id` int(11) NOT NULL COMMENT 'อ้างอิง ID จากตาราง leave_quotas',
  `quota_days` int(11) NOT NULL COMMENT 'โควตาฐานของปีนี้ (เช่น 10 วัน)',
  `carried_over_days` int(11) NOT NULL DEFAULT 0 COMMENT 'วันลายกยอดมาจากปีก่อน (สะสม)',
  `used_days` decimal(4,1) NOT NULL DEFAULT 0.0 COMMENT 'จำนวนวันที่ใช้ไปแล้วในปีนี้',
  `updated_at` timestamp NOT NULL DEFAULT current_timestamp() ON UPDATE current_timestamp()
) ENGINE=InnoDB DEFAULT CHARSET=utf8mb4 COLLATE=utf8mb4_unicode_ci;

--
-- Dumping data for table `leave_balances`
--

INSERT INTO `leave_balances` (`id`, `user_id`, `budget_year`, `leave_type_id`, `quota_days`, `carried_over_days`, `used_days`, `updated_at`) VALUES
(76, 6, 2026, 9, 1460, 0, 0.0, '2026-03-19 09:35:30'),
(77, 6, 2026, 10, 15, 0, 0.0, '2026-03-19 09:35:30'),
(78, 6, 2026, 11, 365, 0, 0.0, '2026-03-19 09:35:30'),
(79, 7, 2026, 7, 0, 0, 0.0, '2026-03-19 09:35:31'),
(80, 7, 2026, 8, 365, 0, 0.0, '2026-03-19 09:35:31'),
(81, 7, 2026, 9, 1460, 0, 0.0, '2026-03-19 09:35:31'),
(82, 7, 2026, 10, 15, 0, 0.0, '2026-03-19 09:35:31'),
(83, 7, 2026, 11, 365, 0, 0.0, '2026-03-19 09:35:31'),
(84, 3, 2027, 1, 60, 0, 0.0, '2026-03-19 14:15:09'),
(85, 3, 2027, 2, 90, 0, 0.0, '2026-03-19 14:15:09'),
(86, 3, 2027, 3, 15, 0, 0.0, '2026-03-19 14:15:09'),
(87, 3, 2027, 4, 10, 10, 0.0, '2026-03-19 14:15:09'),
(88, 3, 2027, 5, 120, 0, 0.0, '2026-03-19 14:15:09'),
(89, 3, 2027, 6, 30, 0, 0.0, '2026-03-19 14:15:09'),
(90, 3, 2027, 7, 0, 0, 0.0, '2026-03-19 14:15:09'),
(91, 3, 2027, 8, 365, 0, 0.0, '2026-03-19 14:15:09'),
(92, 3, 2027, 9, 1460, 0, 0.0, '2026-03-19 14:15:09'),
(93, 3, 2027, 10, 15, 0, 0.0, '2026-03-19 14:15:09'),
(94, 3, 2027, 11, 365, 0, 0.0, '2026-03-19 14:15:09'),
(95, 3, 2024, 1, 60, 0, 0.0, '2026-03-19 14:15:11'),
(96, 3, 2024, 2, 90, 0, 0.0, '2026-03-19 14:15:11'),
(97, 3, 2024, 3, 45, 0, 0.0, '2026-03-19 14:15:11'),
(98, 3, 2024, 4, 10, 0, 0.0, '2026-03-19 14:15:11'),
(99, 3, 2024, 5, 120, 0, 0.0, '2026-03-19 14:15:11'),
(100, 3, 2024, 6, 30, 0, 0.0, '2026-03-19 14:15:11'),
(111, 4, 2026, 1, 60, 0, 0.0, '2026-03-22 04:07:50'),
(112, 4, 2026, 2, 90, 0, 0.0, '2026-03-20 13:40:52'),
(113, 4, 2026, 3, 15, 0, 0.0, '2026-03-20 13:40:52'),
(114, 4, 2026, 4, 10, 10, 0.0, '2026-03-22 06:08:38'),
(115, 4, 2026, 5, 120, 0, 0.0, '2026-03-20 13:40:52'),
(116, 4, 2026, 6, 30, 0, 0.0, '2026-03-20 13:40:52'),
(117, 4, 2026, 7, 0, 0, 0.0, '2026-03-20 13:40:52'),
(118, 4, 2026, 8, 365, 0, 0.0, '2026-03-20 13:40:52'),
(119, 4, 2026, 9, 1460, 0, 0.0, '2026-03-20 13:40:52'),
(120, 4, 2026, 10, 15, 0, 0.0, '2026-03-20 13:40:52'),
(121, 4, 2026, 11, 365, 0, 0.0, '2026-03-20 13:40:52'),
(122, 3, 2026, 1, 60, 0, 0.0, '2026-03-20 13:40:55'),
(123, 3, 2026, 2, 90, 0, 0.0, '2026-03-20 13:40:55'),
(124, 3, 2026, 3, 15, 0, 0.0, '2026-03-20 13:40:55'),
(125, 3, 2026, 4, 10, 10, 0.0, '2026-03-22 05:01:42'),
(126, 3, 2026, 5, 120, 0, 0.0, '2026-03-20 13:40:55'),
(127, 3, 2026, 6, 30, 0, 0.0, '2026-03-20 13:40:55'),
(128, 3, 2026, 7, 0, 0, 0.0, '2026-03-20 13:40:55'),
(129, 3, 2026, 8, 365, 0, 0.0, '2026-03-20 13:40:55'),
(130, 3, 2026, 9, 1460, 0, 0.0, '2026-03-20 13:40:55'),
(131, 3, 2026, 10, 15, 0, 0.0, '2026-03-20 13:40:55'),
(132, 3, 2026, 11, 365, 0, 0.0, '2026-03-20 13:40:55'),
(133, 2, 2026, 1, 60, 0, 0.0, '2026-03-20 13:40:57'),
(134, 2, 2026, 2, 90, 0, 0.0, '2026-03-20 13:40:57'),
(135, 2, 2026, 3, 15, 0, 0.0, '2026-03-20 13:40:57'),
(136, 2, 2026, 4, 10, 10, 0.0, '2026-03-22 06:06:38'),
(137, 2, 2026, 5, 120, 0, 0.0, '2026-03-20 13:40:57'),
(138, 2, 2026, 6, 30, 0, 0.0, '2026-03-20 13:40:57'),
(139, 2, 2026, 7, 0, 0, 0.0, '2026-03-20 13:40:57'),
(140, 2, 2026, 8, 365, 0, 0.0, '2026-03-20 13:40:57'),
(141, 2, 2026, 9, 1460, 0, 0.0, '2026-03-20 13:40:57'),
(142, 2, 2026, 10, 15, 0, 0.0, '2026-03-20 13:40:57'),
(143, 2, 2026, 11, 365, 0, 0.0, '2026-03-20 13:40:57'),
(144, 1, 2026, 1, 60, 0, 0.0, '2026-03-20 13:40:58'),
(145, 1, 2026, 2, 90, 0, 0.0, '2026-03-20 13:40:58'),
(146, 1, 2026, 3, 15, 0, 0.0, '2026-03-20 13:40:58'),
(147, 1, 2026, 4, 10, 0, 0.0, '2026-03-20 13:40:58'),
(148, 1, 2026, 5, 120, 0, 0.0, '2026-03-20 13:40:58'),
(149, 1, 2026, 6, 30, 0, 0.0, '2026-03-20 13:40:58'),
(150, 1, 2026, 7, 0, 0, 0.0, '2026-03-20 13:40:58'),
(151, 1, 2026, 8, 365, 0, 0.0, '2026-03-20 13:40:58'),
(152, 1, 2026, 9, 1460, 0, 0.0, '2026-03-20 13:40:58'),
(153, 1, 2026, 10, 15, 0, 0.0, '2026-03-20 13:40:58'),
(154, 1, 2026, 11, 365, 0, 0.0, '2026-03-20 13:40:58'),
(155, 8, 2026, 1, 60, 0, 0.0, '2026-03-20 14:28:01'),
(156, 8, 2026, 2, 90, 0, 0.0, '2026-03-20 14:28:01'),
(157, 8, 2026, 3, 15, 0, 0.0, '2026-03-20 14:28:01'),
(158, 8, 2026, 4, 10, 0, 0.0, '2026-03-22 03:55:20'),
(159, 8, 2026, 5, 120, 0, 0.0, '2026-03-20 14:28:01'),
(160, 8, 2026, 6, 30, 0, 0.0, '2026-03-20 14:28:01'),
(161, 8, 2026, 7, 0, 0, 0.0, '2026-03-20 14:28:01'),
(162, 8, 2026, 8, 365, 0, 0.0, '2026-03-20 14:28:01'),
(163, 8, 2026, 9, 1460, 0, 0.0, '2026-03-20 14:28:01'),
(164, 8, 2026, 10, 15, 0, 0.0, '2026-03-20 14:28:01'),
(165, 8, 2026, 11, 365, 0, 0.0, '2026-03-20 14:28:01'),
(166, 5, 2026, 1, 60, 0, 0.0, '2026-03-21 11:48:34'),
(167, 5, 2026, 2, 90, 0, 0.0, '2026-03-21 11:48:34'),
(168, 5, 2026, 3, 15, 0, 0.0, '2026-03-21 11:48:35'),
(169, 5, 2026, 4, 10, 10, 0.0, '2026-03-22 05:01:42'),
(170, 5, 2026, 5, 120, 0, 0.0, '2026-03-21 11:48:35'),
(171, 5, 2026, 6, 30, 0, 0.0, '2026-03-21 11:48:35'),
(172, 5, 2026, 7, 0, 0, 0.0, '2026-03-21 11:48:35'),
(173, 5, 2026, 8, 365, 0, 0.0, '2026-03-21 11:48:35'),
(174, 5, 2026, 9, 1460, 0, 0.0, '2026-03-21 11:48:35'),
(175, 5, 2026, 10, 15, 0, 0.0, '2026-03-21 11:48:35'),
(176, 5, 2026, 11, 365, 0, 0.0, '2026-03-21 11:48:35'),
(177, 6, 2026, 1, 60, 0, 0.0, '2026-03-21 11:48:38'),
(178, 6, 2026, 2, 90, 0, 0.0, '2026-03-21 11:48:38'),
(179, 6, 2026, 3, 15, 0, 0.0, '2026-03-21 11:48:38'),
(180, 6, 2026, 4, 10, 0, 0.0, '2026-03-21 11:48:38'),
(181, 6, 2026, 5, 120, 0, 0.0, '2026-03-21 11:48:38'),
(182, 6, 2026, 6, 30, 0, 0.0, '2026-03-21 11:48:38'),
(183, 6, 2026, 7, 0, 0, 0.0, '2026-03-21 11:48:38'),
(184, 6, 2026, 8, 365, 0, 0.0, '2026-03-21 11:48:38'),
(185, 7, 2026, 1, 60, 0, 0.0, '2026-03-21 11:57:02'),
(186, 7, 2026, 2, 90, 0, 0.0, '2026-03-21 11:57:02'),
(187, 7, 2026, 3, 15, 0, 0.0, '2026-03-21 11:57:02'),
(188, 7, 2026, 4, 10, 0, 0.0, '2026-03-21 11:57:02'),
(189, 7, 2026, 5, 120, 0, 0.0, '2026-03-21 11:57:02'),
(190, 7, 2026, 6, 30, 0, 0.0, '2026-03-21 11:57:02'),
(191, 2, 2025, 1, 60, 0, 0.0, '2026-03-22 03:50:16'),
(192, 2, 2025, 2, 90, 0, 0.0, '2026-03-22 03:50:16'),
(193, 2, 2025, 3, 45, 0, 0.0, '2026-03-22 03:50:16'),
(194, 2, 2025, 4, 10, 0, 0.0, '2026-03-22 03:50:16'),
(195, 2, 2025, 5, 120, 0, 0.0, '2026-03-22 03:50:16'),
(196, 2, 2025, 6, 30, 0, 0.0, '2026-03-22 03:50:16'),
(197, 2, 2025, 7, 0, 0, 0.0, '2026-03-22 03:50:16'),
(198, 2, 2025, 8, 365, 0, 0.0, '2026-03-22 03:50:16'),
(199, 2, 2025, 9, 1460, 0, 0.0, '2026-03-22 03:50:16'),
(200, 2, 2025, 10, 15, 0, 0.0, '2026-03-22 03:50:16'),
(201, 2, 2025, 11, 365, 0, 0.0, '2026-03-22 03:50:16'),
(202, 5, 2025, 1, 60, 0, 0.0, '2026-03-22 03:50:16'),
(203, 5, 2025, 2, 90, 0, 0.0, '2026-03-22 03:50:16'),
(204, 5, 2025, 3, 45, 0, 0.0, '2026-03-22 03:50:17'),
(205, 5, 2025, 4, 10, 0, 0.0, '2026-03-22 03:50:17'),
(206, 5, 2025, 5, 120, 0, 0.0, '2026-03-22 03:50:17'),
(207, 5, 2025, 6, 30, 0, 0.0, '2026-03-22 03:50:17'),
(208, 5, 2025, 7, 0, 0, 0.0, '2026-03-22 03:50:17'),
(209, 5, 2025, 8, 365, 0, 0.0, '2026-03-22 03:50:17'),
(210, 5, 2025, 9, 1460, 0, 0.0, '2026-03-22 03:50:17'),
(211, 5, 2025, 10, 15, 0, 0.0, '2026-03-22 03:50:17'),
(212, 5, 2025, 11, 365, 0, 0.0, '2026-03-22 03:50:17'),
(213, 3, 2025, 1, 60, 0, 0.0, '2026-03-22 03:50:17'),
(214, 3, 2025, 2, 90, 0, 0.0, '2026-03-22 03:50:17'),
(215, 3, 2025, 3, 45, 0, 0.0, '2026-03-22 03:50:17'),
(216, 3, 2025, 4, 10, 10, 0.0, '2026-03-22 03:50:17'),
(217, 3, 2025, 5, 120, 0, 0.0, '2026-03-22 03:50:17'),
(218, 3, 2025, 6, 30, 0, 0.0, '2026-03-22 03:50:17'),
(219, 3, 2025, 7, 0, 0, 0.0, '2026-03-22 03:50:17'),
(220, 3, 2025, 8, 365, 0, 0.0, '2026-03-22 03:50:17'),
(221, 3, 2025, 9, 1460, 0, 0.0, '2026-03-22 03:50:17'),
(222, 3, 2025, 10, 15, 0, 0.0, '2026-03-22 03:50:17'),
(223, 3, 2025, 11, 365, 0, 0.0, '2026-03-22 03:50:17'),
(224, 4, 2025, 1, 60, 0, 0.0, '2026-03-22 03:50:17'),
(225, 4, 2025, 2, 90, 0, 0.0, '2026-03-22 03:50:17'),
(226, 4, 2025, 3, 45, 0, 0.0, '2026-03-22 03:50:17'),
(227, 4, 2025, 4, 10, 0, 0.0, '2026-03-22 03:50:17'),
(228, 4, 2025, 5, 120, 0, 0.0, '2026-03-22 03:50:17'),
(229, 4, 2025, 6, 30, 0, 0.0, '2026-03-22 03:50:17'),
(230, 4, 2025, 7, 0, 0, 0.0, '2026-03-22 03:50:17'),
(231, 4, 2025, 8, 365, 0, 0.0, '2026-03-22 03:50:17'),
(232, 4, 2025, 9, 1460, 0, 0.0, '2026-03-22 03:50:17'),
(233, 4, 2025, 10, 15, 0, 0.0, '2026-03-22 03:50:17'),
(234, 4, 2025, 11, 365, 0, 0.0, '2026-03-22 03:50:17'),
(235, 6, 2025, 1, 60, 0, 0.0, '2026-03-22 03:50:17'),
(236, 6, 2025, 2, 90, 0, 0.0, '2026-03-22 03:50:17'),
(237, 6, 2025, 3, 45, 0, 0.0, '2026-03-22 03:50:17'),
(238, 6, 2025, 4, 10, 0, 0.0, '2026-03-22 03:50:17'),
(239, 6, 2025, 5, 120, 0, 0.0, '2026-03-22 03:50:17'),
(240, 6, 2025, 6, 30, 0, 0.0, '2026-03-22 03:50:17'),
(241, 6, 2025, 7, 0, 0, 0.0, '2026-03-22 03:50:17'),
(242, 6, 2025, 8, 365, 0, 0.0, '2026-03-22 03:50:17'),
(243, 6, 2025, 9, 1460, 0, 0.0, '2026-03-22 03:50:17'),
(244, 6, 2025, 10, 15, 0, 0.0, '2026-03-22 03:50:17'),
(245, 6, 2025, 11, 365, 0, 0.0, '2026-03-22 03:50:17'),
(246, 7, 2025, 1, 60, 0, 0.0, '2026-03-22 03:50:17'),
(247, 7, 2025, 2, 90, 0, 0.0, '2026-03-22 03:50:17'),
(248, 7, 2025, 3, 45, 0, 0.0, '2026-03-22 03:50:17'),
(249, 7, 2025, 4, 10, 0, 0.0, '2026-03-22 03:50:17'),
(250, 7, 2025, 5, 120, 0, 0.0, '2026-03-22 03:50:17'),
(251, 7, 2025, 6, 30, 0, 0.0, '2026-03-22 03:50:17'),
(252, 7, 2025, 7, 0, 0, 0.0, '2026-03-22 03:50:17'),
(253, 7, 2025, 8, 365, 0, 0.0, '2026-03-22 03:50:17'),
(254, 7, 2025, 9, 1460, 0, 0.0, '2026-03-22 03:50:17'),
(255, 7, 2025, 10, 15, 0, 0.0, '2026-03-22 03:50:17'),
(256, 7, 2025, 11, 365, 0, 0.0, '2026-03-22 03:50:17'),
(257, 2, 2024, 1, 60, 0, 0.0, '2026-03-22 03:50:18'),
(258, 2, 2024, 2, 90, 0, 0.0, '2026-03-22 03:50:18'),
(259, 2, 2024, 3, 45, 0, 0.0, '2026-03-22 03:50:18'),
(260, 2, 2024, 4, 10, 0, 0.0, '2026-03-22 03:50:18'),
(261, 2, 2024, 5, 120, 0, 0.0, '2026-03-22 03:50:18'),
(262, 2, 2024, 6, 30, 0, 0.0, '2026-03-22 03:50:18'),
(263, 2, 2024, 7, 0, 0, 0.0, '2026-03-22 03:50:19'),
(264, 2, 2024, 8, 365, 0, 0.0, '2026-03-22 03:50:19'),
(265, 2, 2024, 9, 1460, 0, 0.0, '2026-03-22 03:50:19'),
(266, 2, 2024, 10, 15, 0, 0.0, '2026-03-22 03:50:19'),
(267, 2, 2024, 11, 365, 0, 0.0, '2026-03-22 03:50:19'),
(268, 5, 2024, 1, 60, 0, 0.0, '2026-03-22 03:50:19'),
(269, 5, 2024, 2, 90, 0, 0.0, '2026-03-22 03:50:19'),
(270, 5, 2024, 3, 45, 0, 0.0, '2026-03-22 03:50:19'),
(271, 5, 2024, 4, 10, 0, 0.0, '2026-03-22 03:50:19'),
(272, 5, 2024, 5, 120, 0, 0.0, '2026-03-22 03:50:19'),
(273, 5, 2024, 6, 30, 0, 0.0, '2026-03-22 03:50:19'),
(274, 5, 2024, 7, 0, 0, 0.0, '2026-03-22 03:50:19'),
(275, 5, 2024, 8, 365, 0, 0.0, '2026-03-22 03:50:19'),
(276, 5, 2024, 9, 1460, 0, 0.0, '2026-03-22 03:50:19'),
(277, 5, 2024, 10, 15, 0, 0.0, '2026-03-22 03:50:19'),
(278, 5, 2024, 11, 365, 0, 0.0, '2026-03-22 03:50:19'),
(279, 3, 2024, 7, 0, 0, 0.0, '2026-03-22 03:50:19'),
(280, 3, 2024, 8, 365, 0, 0.0, '2026-03-22 03:50:19'),
(281, 3, 2024, 9, 1460, 0, 0.0, '2026-03-22 03:50:19'),
(282, 3, 2024, 10, 15, 0, 0.0, '2026-03-22 03:50:19'),
(283, 3, 2024, 11, 365, 0, 0.0, '2026-03-22 03:50:19'),
(284, 4, 2024, 1, 60, 0, 0.0, '2026-03-22 03:50:19'),
(285, 4, 2024, 2, 90, 0, 0.0, '2026-03-22 03:50:19'),
(286, 4, 2024, 3, 45, 0, 0.0, '2026-03-22 03:50:19'),
(287, 4, 2024, 4, 10, 0, 0.0, '2026-03-22 03:50:19'),
(288, 4, 2024, 5, 120, 0, 0.0, '2026-03-22 03:50:19'),
(289, 4, 2024, 6, 30, 0, 0.0, '2026-03-22 03:50:19'),
(290, 4, 2024, 7, 0, 0, 0.0, '2026-03-22 03:50:19'),
(291, 4, 2024, 8, 365, 0, 0.0, '2026-03-22 03:50:19'),
(292, 4, 2024, 9, 1460, 0, 0.0, '2026-03-22 03:50:19'),
(293, 4, 2024, 10, 15, 0, 0.0, '2026-03-22 03:50:19'),
(294, 4, 2024, 11, 365, 0, 0.0, '2026-03-22 03:50:19'),
(295, 6, 2024, 1, 60, 0, 0.0, '2026-03-22 03:50:19'),
(296, 6, 2024, 2, 90, 0, 0.0, '2026-03-22 03:50:19'),
(297, 6, 2024, 3, 45, 0, 0.0, '2026-03-22 03:50:19'),
(298, 6, 2024, 4, 10, 0, 0.0, '2026-03-22 03:50:19'),
(299, 6, 2024, 5, 120, 0, 0.0, '2026-03-22 03:50:19'),
(300, 6, 2024, 6, 30, 0, 0.0, '2026-03-22 03:50:19'),
(301, 6, 2024, 7, 0, 0, 0.0, '2026-03-22 03:50:19'),
(302, 6, 2024, 8, 365, 0, 0.0, '2026-03-22 03:50:19'),
(303, 6, 2024, 9, 1460, 0, 0.0, '2026-03-22 03:50:19'),
(304, 6, 2024, 10, 15, 0, 0.0, '2026-03-22 03:50:19'),
(305, 6, 2024, 11, 365, 0, 0.0, '2026-03-22 03:50:19'),
(306, 7, 2024, 1, 60, 0, 0.0, '2026-03-22 03:50:19'),
(307, 7, 2024, 2, 90, 0, 0.0, '2026-03-22 03:50:19'),
(308, 7, 2024, 3, 45, 0, 0.0, '2026-03-22 03:50:19'),
(309, 7, 2024, 4, 10, 0, 0.0, '2026-03-22 03:50:19'),
(310, 7, 2024, 5, 120, 0, 0.0, '2026-03-22 03:50:19'),
(311, 7, 2024, 6, 30, 0, 0.0, '2026-03-22 03:50:19'),
(312, 7, 2024, 7, 0, 0, 0.0, '2026-03-22 03:50:19'),
(313, 7, 2024, 8, 365, 0, 0.0, '2026-03-22 03:50:19'),
(314, 7, 2024, 9, 1460, 0, 0.0, '2026-03-22 03:50:19'),
(315, 7, 2024, 10, 15, 0, 0.0, '2026-03-22 03:50:19'),
(316, 7, 2024, 11, 365, 0, 0.0, '2026-03-22 03:50:19');

-- --------------------------------------------------------

--
-- Table structure for table `leave_quotas`
--

CREATE TABLE `leave_quotas` (
  `id` int(11) NOT NULL,
  `leave_type` varchar(100) NOT NULL,
  `max_days` decimal(5,1) NOT NULL DEFAULT 0.0,
  `calculation_type` enum('WORKING_DAYS','CALENDAR_DAYS') NOT NULL DEFAULT 'WORKING_DAYS' COMMENT 'นับวันทำการ หรือ นับรวมวันหยุด',
  `description` varchar(255) DEFAULT NULL
) ENGINE=InnoDB DEFAULT CHARSET=utf8mb4 COLLATE=utf8mb4_general_ci;

--
-- Dumping data for table `leave_quotas`
--

INSERT INTO `leave_quotas` (`id`, `leave_type`, `max_days`, `calculation_type`, `description`) VALUES
(1, 'ลาป่วย', 60.0, 'WORKING_DAYS', 'ลาป่วยตามจริง (รับเงินเดือนไม่เกิน 60 วัน)'),
(2, 'ลาคลอดบุตร', 90.0, 'WORKING_DAYS', 'ลาคลอดบุตร (นับรวมวันหยุด)'),
(3, 'ลากิจส่วนตัว', 45.0, 'WORKING_DAYS', 'ลากิจส่วนตัว (ปีแรก 15 วัน)'),
(4, 'ลาพักผ่อน', 10.0, 'WORKING_DAYS', 'ลาพักผ่อนประจำปี (สะสมได้ตามระเบียบ)'),
(5, 'ลาอุปสมบท/ฮัจย์', 120.0, 'WORKING_DAYS', 'ต้องทำงานมาแล้วไม่น้อยกว่า 1 ปี'),
(6, 'ลาเข้ารับการคัดเลือก/เตรียมพล', 30.0, 'WORKING_DAYS', 'ลาได้ตามระยะเวลาที่เข้าฝึก (ไม่เกิน 30 วัน)'),
(7, 'ลาไปศึกษา ฝึกอบรม ดูงาน', 0.0, 'WORKING_DAYS', 'พิจารณาอนุญาตเป็นรายกรณีโดยผู้มีอำนาจ'),
(8, 'ลาไปปฏิบัติงานในองค์การระหว่างประเทศ', 365.0, 'WORKING_DAYS', 'มีสิทธิลาได้ไม่เกิน 1 ปี'),
(9, 'ลาติดตามคู่สมรส', 1460.0, 'WORKING_DAYS', 'ลาได้ 2 ปี แต่ไม่เกิน 4 ปี (1,460 วัน)'),
(10, 'ลาไปช่วยเหลือภริยาคลอดบุตร', 15.0, 'WORKING_DAYS', 'เฉพาะข้าราชการชาย (ภายใน 90 วันหลังคลอด)'),
(11, 'ลาไปฟื้นฟูสมรรถภาพด้านอาชีพ', 365.0, 'WORKING_DAYS', 'ไม่เกิน 12 เดือน (กรณีบาดเจ็บจากการปฏิบัติหน้าที่)');

-- --------------------------------------------------------

--
-- Table structure for table `leave_requests`
--

CREATE TABLE `leave_requests` (
  `id` int(11) NOT NULL,
  `user_id` int(11) NOT NULL COMMENT 'รหัสพนักงาน',
  `leave_type_id` int(11) NOT NULL COMMENT 'อ้างอิงไอดีประเภทการลา',
  `start_date` date NOT NULL COMMENT 'วันที่เริ่มลา',
  `end_date` date NOT NULL COMMENT 'ถึงวันที่',
  `num_days` decimal(4,1) NOT NULL COMMENT 'จำนวนวันลา (รองรับครึ่งวัน 0.5)',
  `reason` text NOT NULL COMMENT 'เหตุผลการลา',
  `has_med_cert` tinyint(1) NOT NULL DEFAULT 0 COMMENT '1=มีใบรับรองแพทย์',
  `med_cert_path` varchar(255) DEFAULT NULL COMMENT 'ที่อยู่ไฟล์ใบรับรองแพทย์',
  `status` varchar(50) DEFAULT 'PENDING',
  `approved_by` int(11) DEFAULT NULL COMMENT 'ผู้อนุมัติ',
  `approved_at` datetime DEFAULT NULL COMMENT 'เวลาที่อนุมัติ',
  `created_at` timestamp NOT NULL DEFAULT current_timestamp()
) ENGINE=InnoDB DEFAULT CHARSET=utf8mb4 COLLATE=utf8mb4_unicode_ci;

-- --------------------------------------------------------

--
-- Table structure for table `logs`
--

CREATE TABLE `logs` (
  `id` int(11) NOT NULL,
  `user_id` int(11) DEFAULT NULL,
  `action` varchar(50) NOT NULL COMMENT 'ประเภท เช่น LOGIN, CREATE, UPDATE, DELETE',
  `details` text DEFAULT NULL COMMENT 'รายละเอียดสิ่งที่ทำ',
  `ip_address` varchar(45) DEFAULT NULL,
  `created_at` datetime NOT NULL DEFAULT current_timestamp()
) ENGINE=InnoDB DEFAULT CHARSET=utf8mb4 COLLATE=utf8mb4_general_ci;

--
-- Dumping data for table `logs`
--

INSERT INTO `logs` (`id`, `user_id`, `action`, `details`, `ip_address`, `created_at`) VALUES
(1, 1, 'UPDATE', 'อัปเดตการตั้งค่าระบบทั่วไป', '::1', '2026-03-21 20:56:12'),
(2, 1, 'UPDATE', 'อัปเดตตั้งค่าระบบส่วนกลาง (ข้อมูลทั่วไป)', '::1', '2026-03-21 21:11:55'),
(3, 1, 'UPDATE', 'อัปเดตตั้งค่าระบบส่วนกลาง (ข้อมูลทั่วไป)', '::1', '2026-03-21 21:12:01'),
(4, 1, 'UPDATE', 'อัปเดตตั้งค่าระบบส่วนกลาง (LINE Notify)', '::1', '2026-03-21 21:12:59'),
(5, 1, 'UPDATE', 'อัปเดตตั้งค่าระบบส่วนกลาง (ข้อมูลทั่วไป)', '::1', '2026-03-21 21:16:16'),
(6, 1, 'UPDATE', 'อัปเดตตั้งค่าระบบส่วนกลาง (ข้อมูลทั่วไป)', '::1', '2026-03-21 21:19:01'),
(7, 8, 'UPDATE', 'ปรับปรุงสิทธิ์การเข้าถึงเมนูระบบ', '::1', '2026-03-21 21:32:10'),
(8, 8, 'UPDATE', 'ปรับปรุงสิทธิ์การเข้าถึงเมนูระบบ (Permission Matrix)', '::1', '2026-03-21 21:40:38'),
(9, 8, 'UPDATE', 'แก้ไขข้อมูลผู้ใช้งาน: นางสาวสุภาพร ศรีชำนาญชาญชัย (ID: 4)', '::1', '2026-03-22 10:18:51'),
(10, 8, 'UPDATE', 'ปรับปรุงสิทธิ์การเข้าถึงเมนูระบบ (Permission Matrix)', '::1', '2026-03-22 10:21:49'),
(11, 8, 'CREATE', 'ยื่นแบบฟอร์มขอลาพักผ่อน จำนวน 5 วัน', '::1', '2026-03-22 10:30:45'),
(12, 8, 'UPDATE', 'ปรับยอดวันลายกมา (ลาพักผ่อน) ให้ User ID: 4 เป็น 10 วัน', '::1', '2026-03-22 10:32:30'),
(13, 8, 'UPDATE', 'ปรับยอดวันลายกมา (ลาพักผ่อน) ให้ User ID: 4 เป็น 0 วัน', '::1', '2026-03-22 10:32:53'),
(14, 8, 'CREATE', 'กดปุ่มประมวลผลตัดยอดวันลาปีงบประมาณใหม่', '::1', '2026-03-22 10:38:41'),
(15, 8, 'CREATE', 'กดปุ่มประมวลผลตัดยอดวันลาปีงบประมาณใหม่', '::1', '2026-03-22 10:38:49'),
(16, 8, 'UPDATE', 'ปรับปรุงวันลาพักผ่อนยกมา User ID: 4', '::1', '2026-03-22 10:41:26'),
(17, 8, 'UPDATE', 'ปรับปรุงวันลาพักผ่อนยกมา User ID: 4', '::1', '2026-03-22 10:41:37'),
(18, 8, 'UPDATE', 'ปรับปรุงวันลาพักผ่อนยกมา User ID: 4', '::1', '2026-03-22 10:41:54'),
(19, 8, 'UPDATE', 'ประมวลผลตัดยอดวันลาพักผ่อนปี 2026 อัตโนมัติ จำนวน 6 รายการ', '::1', '2026-03-22 10:43:00'),
(20, 8, 'UPDATE', 'ประมวลผลตัดยอดวันลาพักผ่อนปี 2026 อัตโนมัติ จำนวน 6 รายการ', '::1', '2026-03-22 10:49:27'),
(21, 8, 'APPROVE', 'อนุมัติ ใบลา ID: 12 (ผู้ขอลา ID: 8)', '::1', '2026-03-22 10:54:28'),
(22, 8, 'CANCEL', 'ยกเลิกคำขอใบลา ID: 12', '::1', '2026-03-22 10:55:20'),
(23, 4, 'CREATE', 'ยื่นใบขอลาป่วย จำนวน 1 วัน', '::1', '2026-03-22 11:04:35'),
(24, 2, 'APPROVE', 'อนุมัติ ใบลา ID: 13 (ผู้ขอลา ID: 4)', '::1', '2026-03-22 11:05:03'),
(25, 4, 'CREATE', 'ยื่นใบขอลาพักผ่อน จำนวน 5 วัน', '::1', '2026-03-22 11:06:18'),
(26, 2, 'APPROVE', 'อนุมัติ ใบลา ID: 14 (ผู้ขอลา ID: 4)', '::1', '2026-03-22 11:06:38'),
(27, 4, 'CANCEL', 'ยกเลิกคำขอใบลา ID: 14', '::1', '2026-03-22 11:07:46'),
(28, 4, 'CANCEL', 'ยกเลิกคำขอใบลา ID: 13', '::1', '2026-03-22 11:07:50'),
(29, 2, 'UPDATE', 'ส่งคำขอแก้ไขตารางเวรที่อนุมัติแล้ว เดือน 2026-03', '::1', '2026-03-22 11:18:30'),
(30, 2, 'CREATE', 'ยื่นใบขอลาป่วย จำนวน 1 วัน', '::1', '2026-03-22 11:23:43'),
(31, 2, 'CANCEL', 'ยกเลิกคำขอใบลา ID: 15', '::1', '2026-03-22 11:23:53'),
(32, 2, 'CREATE', 'คัดลอกเวรจากเดือน 2026-04 ไปยังเดือน 2026-05', '::1', '2026-03-22 11:28:50'),
(33, 2, 'APPROVE', 'เปลี่ยนสถานะตารางเวร รพ.สต. รพ.สต. เฉลิมพระเกียรติ 60 พรรษาฯ บ้านภูมิซรอล เดือน 2026-05 เป็น SUBMITTED', '::1', '2026-03-22 11:29:20'),
(34, 4, 'CREATE', 'ยื่นใบขอลาพักผ่อน จำนวน 6 วัน', '::1', '2026-03-22 11:33:34'),
(35, 1, 'APPROVE', 'อนุมัติ ใบลา ID: 16 (ผู้ขอลา ID: 4)', '::1', '2026-03-22 11:33:46'),
(36, 4, 'CANCEL', 'ยกเลิกคำขอใบลา ID: 16', '::1', '2026-03-22 11:34:01'),
(37, 1, 'APPROVE', 'เปลี่ยนสถานะตารางเวร รพ.สต. รพ.สต. เฉลิมพระเกียรติ 60 พรรษาฯ บ้านภูมิซรอล เดือน 2026-03 เป็น DRAFT', '::1', '2026-03-22 11:42:32'),
(38, 4, 'CREATE', 'ยื่นใบขอลาพักผ่อน จำนวน 6 วัน', '::1', '2026-03-22 11:43:47'),
(39, 4, 'UPDATE', 'ส่งคำขอยกเลิกใบลาที่อนุมัติแล้ว ID: 17', '::1', '2026-03-22 11:44:13'),
(40, 4, 'UPDATE', 'ส่งคำขอยกเลิกใบลาที่อนุมัติแล้ว ID: 17', '::1', '2026-03-22 11:51:04'),
(41, 2, 'UPDATE', 'ประมวลผลตัดยอดวันลาพักผ่อนปี 2026 อัตโนมัติ จำนวน 4 รายการ', '::1', '2026-03-22 12:01:42'),
(42, 2, 'UPDATE', 'ประมวลผลตัดยอดวันลาพักผ่อนปี 2026 อัตโนมัติ จำนวน 4 รายการ', '::1', '2026-03-22 12:02:29'),
(43, 2, 'CREATE', 'ยื่นใบขอลาพักผ่อน จำนวน 5 วัน', '::1', '2026-03-22 12:04:34'),
(44, 2, 'UPDATE', 'ส่งคำขอยกเลิกใบลาที่อนุมัติแล้ว ID: 18', '::1', '2026-03-22 12:04:51'),
(45, 4, 'CREATE', 'ยื่นใบขอลาพักผ่อน จำนวน 5 วัน', '::1', '2026-03-22 12:43:17'),
(46, 4, 'UPDATE', 'ส่งคำขอยกเลิกใบลาที่อนุมัติแล้ว ID: 19', '::1', '2026-03-22 12:43:46'),
(47, 2, 'UPDATE', 'ประมวลผลตัดยอดวันลาพักผ่อนปี 2026 อัตโนมัติ จำนวน 4 รายการ', '::1', '2026-03-22 12:51:02'),
(48, 1, 'UPDATE', 'แก้ไขโควตาวันลาด้วยมือ (ID: 136)', '::1', '2026-03-22 13:06:38'),
(49, 1, 'UPDATE', 'แก้ไขโควตาวันลาด้วยมือ (ID: 114)', '::1', '2026-03-22 13:06:46'),
(50, 4, 'CREATE', 'ยื่นใบขอลาพักผ่อน จำนวน 5 วัน', '::1', '2026-03-22 13:07:40'),
(51, 4, 'UPDATE', 'ส่งคำขอยกเลิกใบลาที่อนุมัติแล้ว ID: 20', '::1', '2026-03-22 13:08:27'),
(52, 2, 'UPDATE', 'แก้ไขข้อมูล รพ.สต. ID: 2 (รพ.สต. เฉลิมพระเกียรติ 60 พรรษาฯ บ้านภูมิซรอล)', '::1', '2026-03-22 13:13:20'),
(53, 2, 'UPDATE', 'แก้ไขข้อมูล รพ.สต. ID: 2 (รพ.สต. เฉลิมพระเกียรติ 60 พรรษาฯ บ้านภูมิซรอล)', '::1', '2026-03-22 13:13:33'),
(54, 2, 'UPDATE', 'แก้ไขข้อมูล รพ.สต. ID: 2 (รพ.สต. เฉลิมพระเกียรติ 60 พรรษาฯ บ้านภูมิซรอล)', '::1', '2026-03-22 13:18:00'),
(55, 2, 'UPDATE', 'แก้ไขข้อมูล รพ.สต. ID: 2 (รพ.สต. เฉลิมพระเกียรติ 60 พรรษาฯ บ้านภูมิซรอล)', '::1', '2026-03-22 13:18:09'),
(56, 2, 'UPDATE', 'แก้ไขข้อมูล รพ.สต. ID: 2 (รพ.สต. เฉลิมพระเกียรติ 60 พรรษาฯ บ้านภูมิซรอล)', '::1', '2026-03-22 13:22:24'),
(57, 2, 'UPDATE', 'แก้ไขข้อมูล รพ.สต. ID: 2 (รพ.สต. เฉลิมพระเกียรติ 60 พรรษาฯ บ้านภูมิซรอล)', '::1', '2026-03-22 13:24:35'),
(58, 2, 'UPDATE', 'แก้ไขข้อมูล รพ.สต. ID: 2 (รพ.สต. เฉลิมพระเกียรติ 60 พรรษาฯ บ้านภูมิซรอล)', '::1', '2026-03-22 13:24:38');

-- --------------------------------------------------------

--
-- Table structure for table `notifications`
--

CREATE TABLE `notifications` (
  `id` int(11) NOT NULL,
  `user_id` int(11) NOT NULL,
  `type` varchar(20) DEFAULT 'INFO',
  `title` varchar(255) NOT NULL,
  `message` text NOT NULL,
  `link` varchar(255) DEFAULT NULL,
  `is_read` tinyint(1) NOT NULL DEFAULT 0,
  `created_at` datetime DEFAULT current_timestamp()
) ENGINE=InnoDB DEFAULT CHARSET=utf8mb4 COLLATE=utf8mb4_general_ci;

--
-- Dumping data for table `notifications`
--

INSERT INTO `notifications` (`id`, `user_id`, `type`, `title`, `message`, `link`, `is_read`, `created_at`) VALUES
(5, 7, 'INFO', 'ตารางเวรของคุณอัปเดต', 'คุณถูกจัดเวร \'ย\' ในวันที่ 04/03/2026', 'index.php?c=dashboard', 0, '2026-03-13 14:55:58'),
(6, 7, 'INFO', 'ตารางเวรของคุณอัปเดต', 'คุณถูกจัดเวร \'ร\' ในวันที่ 07/03/2026', 'index.php?c=dashboard', 0, '2026-03-13 14:55:59'),
(7, 2, 'INFO', 'มีตารางเวรรออนุมัติ', 'รพ.สต. เฉลิมพระเกียรติ 60 พรรษาฯ บ้านภูมิซรอล ส่งตารางเวรเดือน มีนาคม 2569 มาให้พิจารณาอนุมัติ', 'index.php?c=roster&a=index&month=2026-03', 1, '2026-03-13 16:06:22'),
(9, 2, 'INFO', 'มีตารางเวรรออนุมัติ', 'รพ.สต. เฉลิมพระเกียรติ 60 พรรษาฯ บ้านภูมิซรอล ส่งตารางเวรเดือน มีนาคม 2569 มาให้พิจารณาอนุมัติ', 'index.php?c=roster&a=index&month=2026-03', 1, '2026-03-13 16:07:50'),
(13, 2, 'INFO', 'มีตารางเวรรออนุมัติ', 'รพ.สต. เฉลิมพระเกียรติ 60 พรรษาฯ บ้านภูมิซรอล ส่งตารางเวรเดือน กุมภาพันธ์ 2569 มาให้พิจารณาอนุมัติ', 'index.php?c=roster&a=index&month=2026-02', 1, '2026-03-13 16:11:21'),
(16, 5, 'SUCCESS', 'ประกาศตารางเวร', 'ตารางเวรเดือน กุมภาพันธ์ 2569 ได้รับการอนุมัติเรียบร้อยแล้ว', 'index.php?c=dashboard', 0, '2026-03-13 16:12:43'),
(17, 2, 'INFO', 'มีตารางเวรรออนุมัติ', 'รพ.สต. เฉลิมพระเกียรติ 60 พรรษาฯ บ้านภูมิซรอล ส่งตารางเวรเดือน มีนาคม 2569 มาให้พิจารณาอนุมัติ', 'index.php?c=roster&a=index&month=2026-03', 1, '2026-03-13 16:22:32'),
(20, 5, 'SUCCESS', 'ประกาศตารางเวร', 'ตารางเวรเดือน มีนาคม 2569 ได้รับการอนุมัติเรียบร้อยแล้ว', 'index.php?c=dashboard', 0, '2026-03-13 16:22:34'),
(21, 5, 'INFO', 'ตารางเวรของคุณอัปเดต', 'คุณถูกจัดเวร \'ร\' ในวันที่ 25/01/2026', 'index.php?c=dashboard', 0, '2026-03-13 16:23:15'),
(22, 2, 'INFO', 'มีตารางเวรรออนุมัติ', 'รพ.สต. เฉลิมพระเกียรติ 60 พรรษาฯ บ้านภูมิซรอล ส่งตารางเวรเดือน มกราคม 2569 มาให้พิจารณาอนุมัติ', 'index.php?c=roster&a=index&month=2026-01', 1, '2026-03-13 16:23:49'),
(25, 5, 'SUCCESS', 'ประกาศตารางเวร', 'ตารางเวรเดือน มกราคม 2569 ได้รับการอนุมัติเรียบร้อยแล้ว', 'index.php?c=dashboard', 0, '2026-03-13 16:24:22'),
(26, 2, 'INFO', 'มีตารางเวรรออนุมัติ', 'รพ.สต. เฉลิมพระเกียรติ 60 พรรษาฯ บ้านภูมิซรอล ส่งตารางเวรเดือน เมษายน 2569 มาให้พิจารณาอนุมัติ', 'index.php?c=roster&a=index&month=2026-04', 1, '2026-03-18 20:49:39'),
(27, 7, 'INFO', 'ตารางเวรของคุณอัปเดต', 'คุณถูกจัดเวร \'บ\' ในวันที่ 04/05/2026', 'index.php?c=dashboard', 0, '2026-03-18 21:27:22'),
(28, 2, 'INFO', 'มีใบลาใหม่รออนุมัติ', 'นางสาวสุภาพร ศรีชำนาญชาญชัย ยื่นขอลาพักผ่อน จำนวน 4 วัน', 'index.php?c=leave&a=approvals', 1, '2026-03-20 09:43:33'),
(29, 4, 'SUCCESS', 'ผลการพิจารณาใบลา', 'ใบลาพักผ่อน ของคุณได้รับคำสั่ง: อนุมัติ แล้ว', 'index.php?c=leave', 1, '2026-03-20 09:44:59'),
(30, 2, 'INFO', 'มีใบลาใหม่รออนุมัติ', 'นางสาวสุภาพร ศรีชำนาญชาญชัย ยื่นขอลาป่วย จำนวน 1 วัน', 'index.php?c=leave&a=approvals', 1, '2026-03-20 11:26:54'),
(31, 4, 'SUCCESS', 'ผลการพิจารณาใบลา', 'ใบลาป่วย ของคุณได้รับคำสั่ง: อนุมัติ แล้ว', 'index.php?c=leave', 1, '2026-03-20 11:27:25'),
(32, 8, 'SUCCESS', 'ผลการพิจารณาใบลา', 'ใบลาพักผ่อน ของคุณได้รับคำสั่ง: อนุมัติ แล้ว', 'index.php?c=leave', 1, '2026-03-22 10:54:28'),
(33, 2, 'INFO', 'ใบลาใหม่รออนุมัติ', 'นางสาวสุภาพร ศรีชำนาญชาญชัย ขอลาป่วย 1 วัน', 'index.php?c=leave&a=approvals', 1, '2026-03-22 11:04:35'),
(34, 4, 'SUCCESS', 'ผลการพิจารณาใบลา', 'ใบลาป่วย ของคุณได้รับคำสั่ง: อนุมัติ แล้ว', 'index.php?c=leave', 0, '2026-03-22 11:05:03'),
(35, 2, 'INFO', 'ใบลาใหม่รออนุมัติ', 'นางสาวสุภาพร ศรีชำนาญชาญชัย ขอลาพักผ่อน 5 วัน', 'index.php?c=leave&a=approvals', 1, '2026-03-22 11:06:18'),
(36, 4, 'SUCCESS', 'ผลการพิจารณาใบลา', 'ใบลาพักผ่อน ของคุณได้รับคำสั่ง: อนุมัติ แล้ว', 'index.php?c=leave', 0, '2026-03-22 11:06:38'),
(37, 2, 'WARNING', 'พนักงานยกเลิกใบลา', 'นางสาวสุภาพร ศรีชำนาญชาญชัย ได้ยกเลิกใบลาพักผ่อนแล้ว', 'index.php?c=leave&a=approvals', 1, '2026-03-22 11:07:46'),
(38, 2, 'WARNING', 'พนักงานยกเลิกใบลา', 'นางสาวสุภาพร ศรีชำนาญชาญชัย ได้ยกเลิกใบลาป่วยแล้ว', 'index.php?c=leave&a=approvals', 1, '2026-03-22 11:07:50'),
(39, 1, 'WARNING', 'คำขอแก้ไขเวร: รพ.สต. เฉลิมพระเกียรติ 60 พรรษาฯ บ้านภูมิซรอล', 'ขอยกเลิกสถานะอนุมัติเพื่อแก้ไขตารางเดือน มีนาคม 2569', 'index.php?c=report&a=overview&month=2026-03', 1, '2026-03-22 11:18:30'),
(40, 8, 'WARNING', 'คำขอแก้ไขเวร: รพ.สต. เฉลิมพระเกียรติ 60 พรรษาฯ บ้านภูมิซรอล', 'ขอยกเลิกสถานะอนุมัติเพื่อแก้ไขตารางเดือน มีนาคม 2569', 'index.php?c=report&a=overview&month=2026-03', 0, '2026-03-22 11:18:30'),
(41, 2, 'INFO', 'ใบลาใหม่รออนุมัติ', 'นางเขมจิรา จันทร ขอลาป่วย 1 วัน', 'index.php?c=leave&a=approvals', 1, '2026-03-22 11:23:43'),
(42, 2, 'WARNING', 'พนักงานยกเลิกใบลา', 'นางเขมจิรา จันทร ได้ยกเลิกใบลาป่วยแล้ว', 'index.php?c=leave&a=approvals', 1, '2026-03-22 11:23:53'),
(43, 2, 'INFO', 'มีตารางเวรรออนุมัติ', 'รพ.สต. เฉลิมพระเกียรติ 60 พรรษาฯ บ้านภูมิซรอล ส่งตารางเวรเดือน พฤษภาคม 2569 มาให้พิจารณาอนุมัติ', 'index.php?c=roster&a=index&month=2026-05', 1, '2026-03-22 11:29:20'),
(44, 2, 'INFO', 'ใบลาใหม่รออนุมัติ', 'นางสาวสุภาพร ศรีชำนาญชาญชัย ขอลาพักผ่อน 6 วัน', 'index.php?c=leave&a=approvals', 1, '2026-03-22 11:33:34'),
(45, 4, 'SUCCESS', 'ผลการพิจารณาใบลา', 'ใบลาพักผ่อน ของคุณได้รับคำสั่ง: อนุมัติ แล้ว', 'index.php?c=leave', 0, '2026-03-22 11:33:46'),
(46, 2, 'WARNING', 'พนักงานยกเลิกใบลา', 'นางสาวสุภาพร ศรีชำนาญชาญชัย ได้ยกเลิกใบลาพักผ่อนแล้ว', 'index.php?c=leave&a=approvals', 1, '2026-03-22 11:34:01'),
(47, 3, 'SUCCESS', 'คำขอแก้ไขได้รับการอนุมัติ', 'ส่วนกลางอนุมัติคำขอแก้ไขตารางเวรเดือน มีนาคม 2569 แล้ว', 'index.php?c=roster&a=index&month=2026-03', 0, '2026-03-22 11:42:32'),
(48, 2, 'INFO', 'ใบลาใหม่รออนุมัติ', 'นางสาวสุภาพร ศรีชำนาญชาญชัย ขอลาพักผ่อน 6 วัน', 'index.php?c=leave&a=approvals', 0, '2026-03-22 11:43:47'),
(49, 4, 'SUCCESS', 'ผลการพิจารณาใบลา', 'ใบลาพักผ่อน ของคุณได้รับคำสั่ง: อนุมัติแล้ว', 'index.php?c=leave', 0, '2026-03-22 11:44:02'),
(50, 2, 'WARNING', 'มีคำขอยกเลิกใบลา', 'นางสาวสุภาพร ศรีชำนาญชาญชัย ขอยกเลิกใบลาพักผ่อน ที่เคยอนุมัติไปแล้ว', 'index.php?c=leave&a=approvals', 1, '2026-03-22 11:44:13'),
(51, 4, 'SUCCESS', 'ผลการพิจารณาใบลา', 'ใบลาพักผ่อน ของคุณได้รับคำสั่ง: อนุมัติแล้ว', 'index.php?c=leave', 0, '2026-03-22 11:50:50'),
(52, 2, 'WARNING', 'มีคำขอยกเลิกใบลา', 'นางสาวสุภาพร ศรีชำนาญชาญชัย ขอยกเลิกใบลาพักผ่อน ที่เคยอนุมัติไปแล้ว', 'index.php?c=leave&a=approvals', 1, '2026-03-22 11:51:04'),
(53, 2, 'INFO', 'ใบลาใหม่รออนุมัติ', 'นางเขมจิรา จันทร ขอลาพักผ่อน 5 วัน', 'index.php?c=leave&a=approvals', 0, '2026-03-22 12:04:34'),
(54, 2, 'SUCCESS', 'ผลการพิจารณาใบลา', 'ใบลาพักผ่อน ของคุณได้รับคำสั่ง: อนุมัติแล้ว', 'index.php?c=leave', 0, '2026-03-22 12:04:46'),
(55, 2, 'WARNING', 'มีคำขอยกเลิกใบลา', 'นางเขมจิรา จันทร ขอยกเลิกใบลาพักผ่อน ที่เคยอนุมัติไปแล้ว', 'index.php?c=leave&a=approvals', 0, '2026-03-22 12:04:51'),
(56, 2, 'INFO', 'ใบลาใหม่รออนุมัติ', 'นางสาวสุภาพร ศรีชำนาญชาญชัย ขอลาพักผ่อน 5 วัน', 'index.php?c=leave&a=approvals', 0, '2026-03-22 12:43:17'),
(57, 4, 'SUCCESS', 'ผลการพิจารณาใบลา', 'ใบลาพักผ่อน ของคุณได้รับคำสั่ง: อนุมัติแล้ว', 'index.php?c=leave', 0, '2026-03-22 12:43:33'),
(58, 2, 'WARNING', 'มีคำขอยกเลิกใบลา', 'นางสาวสุภาพร ศรีชำนาญชาญชัย ขอยกเลิกใบลาพักผ่อน ที่เคยอนุมัติไปแล้ว', 'index.php?c=leave&a=approvals', 0, '2026-03-22 12:43:46'),
(59, 4, 'INFO', 'แจ้งผลการยกเลิกใบลา', 'หัวหน้าอนุมัติการยกเลิกใบลาพักผ่อน และคืนสิทธิ์ให้คุณแล้ว', 'index.php?c=leave', 0, '2026-03-22 12:48:12'),
(60, 2, 'INFO', 'ใบลาใหม่รออนุมัติ', 'นางสาวสุภาพร ศรีชำนาญชาญชัย ขอลาพักผ่อน 5 วัน', 'index.php?c=leave&a=approvals', 1, '2026-03-22 13:07:40'),
(61, 4, 'SUCCESS', 'ผลการพิจารณาใบลา', 'ใบลาพักผ่อน ของคุณได้รับคำสั่ง: อนุมัติแล้ว', 'index.php?c=leave', 0, '2026-03-22 13:08:01'),
(62, 2, 'WARNING', 'มีคำขอยกเลิกใบลา', 'นางสาวสุภาพร ศรีชำนาญชาญชัย ขอยกเลิกใบลาพักผ่อน ที่เคยอนุมัติไปแล้ว', 'index.php?c=leave&a=approvals', 1, '2026-03-22 13:08:27'),
(63, 4, 'INFO', 'แจ้งผลการยกเลิกใบลา', 'หัวหน้าอนุมัติการยกเลิกใบลาพักผ่อน คืนสิทธิ์ให้คุณและล้างประวัติแล้ว', 'index.php?c=leave', 0, '2026-03-22 13:08:38');

-- --------------------------------------------------------

--
-- Table structure for table `pay_rates`
--

CREATE TABLE `pay_rates` (
  `id` int(11) NOT NULL,
  `group_level` int(11) NOT NULL COMMENT 'ระดับกลุ่ม 1,2,3',
  `group_name` varchar(255) NOT NULL COMMENT 'ชื่อกลุ่มสายงาน',
  `keywords` text NOT NULL COMMENT 'คำค้นหาตำแหน่ง (คั่นด้วยลูกน้ำ)',
  `rate_y` int(11) NOT NULL DEFAULT 0 COMMENT 'เรทวันหยุด (ย)',
  `rate_b` int(11) NOT NULL DEFAULT 0 COMMENT 'เรทเวรบ่าย (บ)',
  `rate_r` int(11) NOT NULL DEFAULT 0 COMMENT 'เรทเวรดึก/On Call (ร)',
  `updated_at` timestamp NOT NULL DEFAULT current_timestamp() ON UPDATE current_timestamp()
) ENGINE=InnoDB DEFAULT CHARSET=utf8mb4 COLLATE=utf8mb4_unicode_ci;

--
-- Dumping data for table `pay_rates`
--

INSERT INTO `pay_rates` (`id`, `group_level`, `group_name`, `keywords`, `rate_y`, `rate_b`, `rate_r`, `updated_at`) VALUES
(1, 1, 'กลุ่มที่ 1: สายงานวิชาชีพ / ป.ตรี', 'พยาบาล,แพทย์,นัก,ปริญญาตรี,สหวิชาชีพ,ป.ตรี', 650, 320, 150, '2026-03-13 08:25:09'),
(2, 2, 'กลุ่มที่ 2: สายงานเจ้าพนักงาน', 'เจ้าพนักงาน', 520, 240, 0, '2026-03-13 08:08:59'),
(3, 3, 'กลุ่มที่ 3: เจ้าหน้าที่อื่นๆ', 'ลูกจ้าง,พนักงานกระทรวง,ช่วยเหลือคนไข้', 330, 165, 0, '2026-03-13 08:08:59');

-- --------------------------------------------------------

--
-- Table structure for table `roster_status`
--

CREATE TABLE `roster_status` (
  `id` int(11) NOT NULL,
  `hospital_id` int(11) NOT NULL,
  `month_year` varchar(7) NOT NULL COMMENT 'YYYY-MM',
  `status` enum('NOT_STARTED','DRAFT','SUBMITTED','REQUEST_EDIT','APPROVED') NOT NULL DEFAULT 'DRAFT',
  `reviewer_id` int(11) DEFAULT NULL COMMENT 'รหัสแอดมินผู้ตรวจ/อนุมัติ',
  `remark` text DEFAULT NULL COMMENT 'เหตุผลกรณีขอให้แก้ไข (REQUEST_EDIT)',
  `pay_summary` text DEFAULT NULL COMMENT 'เก็บ JSON Snapshot ยอดเงินตอนกดอนุมัติ',
  `submitted_at` datetime DEFAULT NULL COMMENT 'เวลาที่กดส่งเวรล่าสุด',
  `updated_at` datetime DEFAULT current_timestamp() ON UPDATE current_timestamp()
) ENGINE=InnoDB DEFAULT CHARSET=utf8mb4 COLLATE=utf8mb4_general_ci;

--
-- Dumping data for table `roster_status`
--

INSERT INTO `roster_status` (`id`, `hospital_id`, `month_year`, `status`, `reviewer_id`, `remark`, `pay_summary`, `submitted_at`, `updated_at`) VALUES
(1, 2, '2026-03', 'DRAFT', NULL, NULL, NULL, NULL, '2026-03-22 11:42:32'),
(2, 3, '2026-03', 'DRAFT', NULL, NULL, NULL, NULL, '2026-03-13 09:33:17'),
(3, 2, '2026-02', 'APPROVED', NULL, NULL, '{\"2\":{\"pay\":1650},\"5\":{\"pay\":4260},\"3\":{\"pay\":4440},\"4\":{\"pay\":5530}}', NULL, '2026-03-13 16:12:43'),
(4, 2, '2026-01', 'APPROVED', NULL, NULL, '{\"2\":{\"pay\":1815},\"5\":{\"pay\":6560},\"3\":{\"pay\":4430},\"4\":{\"pay\":5200}}', NULL, '2026-03-13 16:24:22'),
(5, 2, '2026-04', 'SUBMITTED', NULL, NULL, NULL, NULL, '2026-03-18 20:49:39'),
(6, 2, '2026-05', 'SUBMITTED', NULL, NULL, NULL, NULL, '2026-03-22 11:29:20');

-- --------------------------------------------------------

--
-- Table structure for table `shifts`
--

CREATE TABLE `shifts` (
  `id` int(11) NOT NULL,
  `hospital_id` int(11) NOT NULL,
  `user_id` int(11) NOT NULL,
  `shift_date` date NOT NULL,
  `shift_type` varchar(20) NOT NULL COMMENT 'ร, ย, บ, บ/ร',
  `created_at` datetime DEFAULT current_timestamp()
) ENGINE=InnoDB DEFAULT CHARSET=utf8mb4 COLLATE=utf8mb4_general_ci;

--
-- Dumping data for table `shifts`
--

INSERT INTO `shifts` (`id`, `hospital_id`, `user_id`, `shift_date`, `shift_type`, `created_at`) VALUES
(326, 2, 2, '2026-03-01', 'ย', '2026-03-13 16:04:29'),
(327, 2, 4, '2026-03-01', 'บ/ร', '2026-03-13 16:04:29'),
(328, 2, 2, '2026-03-02', 'บ', '2026-03-13 16:04:29'),
(329, 2, 3, '2026-03-02', 'ร', '2026-03-13 16:04:29'),
(330, 2, 3, '2026-03-03', 'ย', '2026-03-13 16:04:29'),
(331, 2, 5, '2026-03-03', 'บ/ร', '2026-03-13 16:04:29'),
(332, 2, 4, '2026-03-04', 'บ', '2026-03-13 16:04:29'),
(333, 2, 5, '2026-03-04', 'ร', '2026-03-13 16:04:29'),
(334, 2, 5, '2026-03-05', 'บ', '2026-03-13 16:04:29'),
(335, 2, 4, '2026-03-05', 'ร', '2026-03-13 16:04:29'),
(336, 2, 2, '2026-03-06', 'บ', '2026-03-13 16:04:29'),
(337, 2, 5, '2026-03-06', 'ร', '2026-03-13 16:04:29'),
(338, 2, 3, '2026-03-07', 'ย', '2026-03-13 16:04:29'),
(339, 2, 4, '2026-03-07', 'บ/ร', '2026-03-13 16:04:29'),
(340, 2, 5, '2026-03-08', 'ย', '2026-03-13 16:04:29'),
(341, 2, 4, '2026-03-08', 'บ/ร', '2026-03-13 16:04:29'),
(342, 2, 4, '2026-03-09', 'บ', '2026-03-13 16:04:29'),
(343, 2, 5, '2026-03-09', 'ร', '2026-03-13 16:04:29'),
(344, 2, 2, '2026-03-10', 'บ', '2026-03-13 16:04:29'),
(345, 2, 5, '2026-03-10', 'ร', '2026-03-13 16:04:29'),
(346, 2, 5, '2026-03-11', 'บ', '2026-03-13 16:04:29'),
(347, 2, 3, '2026-03-11', 'ร', '2026-03-13 16:04:29'),
(348, 2, 3, '2026-03-12', 'บ', '2026-03-13 16:04:29'),
(349, 2, 2, '2026-03-12', 'ร', '2026-03-13 16:04:29'),
(350, 2, 4, '2026-03-13', 'บ', '2026-03-13 16:04:29'),
(351, 2, 5, '2026-03-13', 'ร', '2026-03-13 16:04:29'),
(352, 2, 3, '2026-03-14', 'ย', '2026-03-13 16:04:29'),
(353, 2, 4, '2026-03-14', 'บ/ร', '2026-03-13 16:04:29'),
(354, 2, 2, '2026-03-15', 'ย', '2026-03-13 16:04:29'),
(355, 2, 5, '2026-03-15', 'บ/ร', '2026-03-13 16:04:29'),
(356, 2, 2, '2026-03-16', 'บ', '2026-03-13 16:04:29'),
(357, 2, 4, '2026-03-16', 'ร', '2026-03-13 16:04:29'),
(358, 2, 3, '2026-03-17', 'บ', '2026-03-13 16:04:29'),
(359, 2, 4, '2026-03-17', 'ร', '2026-03-13 16:04:29'),
(360, 2, 5, '2026-03-18', 'บ', '2026-03-13 16:04:29'),
(361, 2, 2, '2026-03-18', 'ร', '2026-03-13 16:04:29'),
(362, 2, 2, '2026-03-19', 'บ', '2026-03-13 16:04:29'),
(363, 2, 4, '2026-03-19', 'ร', '2026-03-13 16:04:29'),
(364, 2, 5, '2026-03-20', 'บ', '2026-03-13 16:04:29'),
(365, 2, 4, '2026-03-20', 'ร', '2026-03-13 16:04:29'),
(366, 2, 3, '2026-03-21', 'ย', '2026-03-13 16:04:29'),
(367, 2, 2, '2026-03-21', 'บ/ร', '2026-03-13 16:04:29'),
(368, 2, 5, '2026-03-22', 'ย', '2026-03-13 16:04:29'),
(369, 2, 3, '2026-03-22', 'บ/ร', '2026-03-13 16:04:29'),
(370, 2, 5, '2026-03-23', 'บ', '2026-03-13 16:04:29'),
(371, 2, 2, '2026-03-23', 'ร', '2026-03-13 16:04:29'),
(372, 2, 4, '2026-03-24', 'บ', '2026-03-13 16:04:29'),
(373, 2, 2, '2026-03-24', 'ร', '2026-03-13 16:04:29'),
(374, 2, 2, '2026-03-25', 'บ', '2026-03-13 16:04:29'),
(375, 2, 5, '2026-03-25', 'ร', '2026-03-13 16:04:29'),
(376, 2, 4, '2026-03-26', 'บ', '2026-03-13 16:04:29'),
(377, 2, 3, '2026-03-26', 'ร', '2026-03-13 16:04:29'),
(378, 2, 5, '2026-03-27', 'บ', '2026-03-13 16:04:29'),
(379, 2, 3, '2026-03-27', 'ร', '2026-03-13 16:04:29'),
(380, 2, 2, '2026-03-28', 'ย', '2026-03-13 16:04:29'),
(381, 2, 5, '2026-03-28', 'บ/ร', '2026-03-13 16:04:29'),
(382, 2, 2, '2026-03-29', 'ย', '2026-03-13 16:04:29'),
(383, 2, 5, '2026-03-29', 'บ/ร', '2026-03-13 16:04:29'),
(384, 2, 4, '2026-03-30', 'บ', '2026-03-13 16:04:29'),
(385, 2, 5, '2026-03-30', 'ร', '2026-03-13 16:04:29'),
(386, 2, 5, '2026-03-31', 'บ', '2026-03-13 16:04:29'),
(387, 2, 2, '2026-03-31', 'ร', '2026-03-13 16:04:29'),
(388, 2, 4, '2026-02-01', 'ย', '2026-03-13 16:11:18'),
(389, 2, 3, '2026-02-01', 'บ/ร', '2026-03-13 16:11:18'),
(390, 2, 2, '2026-02-02', 'บ', '2026-03-13 16:11:18'),
(391, 2, 5, '2026-02-02', 'ร', '2026-03-13 16:11:18'),
(392, 2, 3, '2026-02-03', 'บ', '2026-03-13 16:11:18'),
(393, 2, 2, '2026-02-03', 'ร', '2026-03-13 16:11:18'),
(394, 2, 4, '2026-02-04', 'บ', '2026-03-13 16:11:18'),
(395, 2, 3, '2026-02-04', 'ร', '2026-03-13 16:11:18'),
(396, 2, 2, '2026-02-05', 'บ', '2026-03-13 16:11:18'),
(397, 2, 4, '2026-02-05', 'ร', '2026-03-13 16:11:18'),
(398, 2, 4, '2026-02-06', 'บ', '2026-03-13 16:11:18'),
(399, 2, 3, '2026-02-06', 'ร', '2026-03-13 16:11:18'),
(400, 2, 3, '2026-02-07', 'ย', '2026-03-13 16:11:18'),
(401, 2, 4, '2026-02-07', 'บ/ร', '2026-03-13 16:11:18'),
(402, 2, 2, '2026-02-08', 'ย', '2026-03-13 16:11:18'),
(403, 2, 4, '2026-02-08', 'บ/ร', '2026-03-13 16:11:18'),
(404, 2, 3, '2026-02-09', 'บ', '2026-03-13 16:11:18'),
(405, 2, 2, '2026-02-09', 'ร', '2026-03-13 16:11:18'),
(406, 2, 2, '2026-02-10', 'บ', '2026-03-13 16:11:18'),
(407, 2, 5, '2026-02-10', 'ร', '2026-03-13 16:11:18'),
(408, 2, 5, '2026-02-11', 'บ', '2026-03-13 16:11:18'),
(409, 2, 4, '2026-02-11', 'ร', '2026-03-13 16:11:18'),
(410, 2, 3, '2026-02-12', 'บ', '2026-03-13 16:11:18'),
(411, 2, 2, '2026-02-12', 'ร', '2026-03-13 16:11:18'),
(412, 2, 5, '2026-02-13', 'บ', '2026-03-13 16:11:18'),
(413, 2, 3, '2026-02-13', 'ร', '2026-03-13 16:11:18'),
(414, 2, 3, '2026-02-14', 'ย', '2026-03-13 16:11:18'),
(415, 2, 5, '2026-02-14', 'บ/ร', '2026-03-13 16:11:18'),
(416, 2, 5, '2026-02-15', 'ย', '2026-03-13 16:11:18'),
(417, 2, 4, '2026-02-15', 'บ/ร', '2026-03-13 16:11:18'),
(418, 2, 5, '2026-02-16', 'บ', '2026-03-13 16:11:18'),
(419, 2, 4, '2026-02-16', 'ร', '2026-03-13 16:11:18'),
(420, 2, 3, '2026-02-17', 'บ', '2026-03-13 16:11:18'),
(421, 2, 4, '2026-02-17', 'ร', '2026-03-13 16:11:18'),
(422, 2, 4, '2026-02-18', 'บ', '2026-03-13 16:11:18'),
(423, 2, 2, '2026-02-18', 'ร', '2026-03-13 16:11:18'),
(424, 2, 5, '2026-02-19', 'บ', '2026-03-13 16:11:18'),
(425, 2, 4, '2026-02-19', 'ร', '2026-03-13 16:11:18'),
(426, 2, 4, '2026-02-20', 'บ', '2026-03-13 16:11:18'),
(427, 2, 5, '2026-02-20', 'ร', '2026-03-13 16:11:18'),
(428, 2, 2, '2026-02-21', 'ย', '2026-03-13 16:11:18'),
(429, 2, 5, '2026-02-21', 'บ/ร', '2026-03-13 16:11:18'),
(430, 2, 4, '2026-02-22', 'ย', '2026-03-13 16:11:18'),
(431, 2, 3, '2026-02-22', 'บ/ร', '2026-03-13 16:11:18'),
(432, 2, 3, '2026-02-23', 'บ', '2026-03-13 16:11:18'),
(433, 2, 5, '2026-02-23', 'ร', '2026-03-13 16:11:18'),
(434, 2, 5, '2026-02-24', 'บ', '2026-03-13 16:11:18'),
(435, 2, 2, '2026-02-24', 'ร', '2026-03-13 16:11:18'),
(436, 2, 2, '2026-02-25', 'บ', '2026-03-13 16:11:18'),
(437, 2, 5, '2026-02-25', 'ร', '2026-03-13 16:11:18'),
(438, 2, 4, '2026-02-26', 'บ', '2026-03-13 16:11:18'),
(439, 2, 2, '2026-02-26', 'ร', '2026-03-13 16:11:18'),
(440, 2, 5, '2026-02-27', 'บ', '2026-03-13 16:11:18'),
(441, 2, 3, '2026-02-27', 'ร', '2026-03-13 16:11:18'),
(442, 2, 2, '2026-02-28', 'ย', '2026-03-13 16:11:18'),
(443, 2, 4, '2026-02-28', 'บ/ร', '2026-03-13 16:11:18'),
(447, 2, 2, '2026-01-01', 'ย', '2026-03-13 16:23:47'),
(448, 2, 5, '2026-01-01', 'บ/ร', '2026-03-13 16:23:47'),
(449, 2, 3, '2026-01-02', 'บ', '2026-03-13 16:23:47'),
(450, 2, 5, '2026-01-02', 'ร', '2026-03-13 16:23:47'),
(451, 2, 5, '2026-01-03', 'ย', '2026-03-13 16:23:47'),
(452, 2, 2, '2026-01-03', 'บ/ร', '2026-03-13 16:23:47'),
(453, 2, 5, '2026-01-04', 'ย', '2026-03-13 16:23:47'),
(454, 2, 3, '2026-01-04', 'บ/ร', '2026-03-13 16:23:47'),
(455, 2, 2, '2026-01-05', 'บ', '2026-03-13 16:23:47'),
(456, 2, 3, '2026-01-05', 'ร', '2026-03-13 16:23:47'),
(457, 2, 5, '2026-01-06', 'บ', '2026-03-13 16:23:47'),
(458, 2, 2, '2026-01-06', 'ร', '2026-03-13 16:23:47'),
(459, 2, 2, '2026-01-07', 'บ', '2026-03-13 16:23:47'),
(460, 2, 5, '2026-01-07', 'ร', '2026-03-13 16:23:47'),
(461, 2, 5, '2026-01-08', 'บ', '2026-03-13 16:23:47'),
(462, 2, 4, '2026-01-08', 'ร', '2026-03-13 16:23:47'),
(463, 2, 4, '2026-01-09', 'บ', '2026-03-13 16:23:47'),
(464, 2, 2, '2026-01-09', 'ร', '2026-03-13 16:23:47'),
(465, 2, 5, '2026-01-10', 'ย', '2026-03-13 16:23:47'),
(466, 2, 2, '2026-01-10', 'บ/ร', '2026-03-13 16:23:47'),
(467, 2, 4, '2026-01-11', 'ย', '2026-03-13 16:23:47'),
(468, 2, 3, '2026-01-11', 'บ/ร', '2026-03-13 16:23:47'),
(469, 2, 4, '2026-01-12', 'บ', '2026-03-13 16:23:47'),
(470, 2, 3, '2026-01-12', 'ร', '2026-03-13 16:23:47'),
(471, 2, 2, '2026-01-13', 'บ', '2026-03-13 16:23:47'),
(472, 2, 3, '2026-01-13', 'ร', '2026-03-13 16:23:47'),
(473, 2, 3, '2026-01-14', 'บ', '2026-03-13 16:23:47'),
(474, 2, 2, '2026-01-14', 'ร', '2026-03-13 16:23:47'),
(475, 2, 5, '2026-01-15', 'บ', '2026-03-13 16:23:47'),
(476, 2, 2, '2026-01-15', 'ร', '2026-03-13 16:23:47'),
(477, 2, 3, '2026-01-16', 'บ', '2026-03-13 16:23:47'),
(478, 2, 2, '2026-01-16', 'ร', '2026-03-13 16:23:47'),
(479, 2, 5, '2026-01-17', 'ย', '2026-03-13 16:23:47'),
(480, 2, 4, '2026-01-17', 'บ/ร', '2026-03-13 16:23:47'),
(481, 2, 4, '2026-01-18', 'ย', '2026-03-13 16:23:47'),
(482, 2, 5, '2026-01-18', 'บ/ร', '2026-03-13 16:23:47'),
(483, 2, 5, '2026-01-19', 'บ', '2026-03-13 16:23:47'),
(484, 2, 4, '2026-01-19', 'ร', '2026-03-13 16:23:47'),
(485, 2, 2, '2026-01-20', 'บ', '2026-03-13 16:23:47'),
(486, 2, 5, '2026-01-20', 'ร', '2026-03-13 16:23:47'),
(487, 2, 2, '2026-01-21', 'บ', '2026-03-13 16:23:47'),
(488, 2, 4, '2026-01-21', 'ร', '2026-03-13 16:23:47'),
(489, 2, 3, '2026-01-22', 'บ', '2026-03-13 16:23:47'),
(490, 2, 4, '2026-01-22', 'ร', '2026-03-13 16:23:47'),
(491, 2, 5, '2026-01-23', 'บ', '2026-03-13 16:23:47'),
(492, 2, 4, '2026-01-23', 'ร', '2026-03-13 16:23:47'),
(493, 2, 3, '2026-01-24', 'ย', '2026-03-13 16:23:47'),
(494, 2, 4, '2026-01-24', 'บ/ร', '2026-03-13 16:23:47'),
(495, 2, 4, '2026-01-25', 'ย', '2026-03-13 16:23:47'),
(496, 2, 2, '2026-01-25', 'บ/ร', '2026-03-13 16:23:47'),
(497, 2, 3, '2026-01-26', 'บ', '2026-03-13 16:23:47'),
(498, 2, 4, '2026-01-26', 'ร', '2026-03-13 16:23:47'),
(499, 2, 3, '2026-01-27', 'บ', '2026-03-13 16:23:47'),
(500, 2, 4, '2026-01-27', 'ร', '2026-03-13 16:23:47'),
(501, 2, 4, '2026-01-28', 'บ', '2026-03-13 16:23:47'),
(502, 2, 2, '2026-01-28', 'ร', '2026-03-13 16:23:47'),
(503, 2, 2, '2026-01-29', 'บ', '2026-03-13 16:23:47'),
(504, 2, 4, '2026-01-29', 'ร', '2026-03-13 16:23:47'),
(505, 2, 5, '2026-01-30', 'บ', '2026-03-13 16:23:47'),
(506, 2, 4, '2026-01-30', 'ร', '2026-03-13 16:23:47'),
(507, 2, 5, '2026-01-31', 'ย', '2026-03-13 16:23:47'),
(508, 2, 3, '2026-01-31', 'บ/ร', '2026-03-13 16:23:47'),
(511, 2, 3, '2026-04-01', 'บ', '2026-03-18 20:49:33'),
(512, 2, 5, '2026-04-01', 'ร', '2026-03-18 20:49:33'),
(513, 2, 5, '2026-04-02', 'บ', '2026-03-18 20:49:33'),
(514, 2, 2, '2026-04-02', 'ร', '2026-03-18 20:49:33'),
(515, 2, 2, '2026-04-03', 'บ', '2026-03-18 20:49:33'),
(516, 2, 5, '2026-04-03', 'ร', '2026-03-18 20:49:33'),
(517, 2, 4, '2026-04-04', 'ย', '2026-03-18 20:49:33'),
(518, 2, 3, '2026-04-04', 'บ', '2026-03-18 20:49:33'),
(519, 2, 2, '2026-04-04', 'ร', '2026-03-18 20:49:33'),
(520, 2, 4, '2026-04-05', 'ย', '2026-03-18 20:49:33'),
(521, 2, 5, '2026-04-05', 'บ', '2026-03-18 20:49:33'),
(522, 2, 2, '2026-04-05', 'ร', '2026-03-18 20:49:33'),
(523, 2, 4, '2026-04-06', 'ย', '2026-03-18 20:49:33'),
(524, 2, 3, '2026-04-06', 'บ', '2026-03-18 20:49:33'),
(525, 2, 2, '2026-04-06', 'ร', '2026-03-18 20:49:33'),
(526, 2, 3, '2026-04-07', 'บ', '2026-03-18 20:49:33'),
(527, 2, 2, '2026-04-07', 'ร', '2026-03-18 20:49:33'),
(528, 2, 5, '2026-04-08', 'บ', '2026-03-18 20:49:33'),
(529, 2, 4, '2026-04-08', 'ร', '2026-03-18 20:49:33'),
(530, 2, 3, '2026-04-09', 'บ', '2026-03-18 20:49:33'),
(531, 2, 4, '2026-04-09', 'ร', '2026-03-18 20:49:33'),
(532, 2, 4, '2026-04-10', 'บ', '2026-03-18 20:49:33'),
(533, 2, 2, '2026-04-10', 'ร', '2026-03-18 20:49:33'),
(534, 2, 5, '2026-04-11', 'ย', '2026-03-18 20:49:33'),
(535, 2, 2, '2026-04-11', 'บ', '2026-03-18 20:49:33'),
(536, 2, 3, '2026-04-11', 'ร', '2026-03-18 20:49:33'),
(537, 2, 4, '2026-04-12', 'ย', '2026-03-18 20:49:33'),
(538, 2, 3, '2026-04-12', 'บ', '2026-03-18 20:49:33'),
(539, 2, 5, '2026-04-12', 'ร', '2026-03-18 20:49:33'),
(540, 2, 3, '2026-04-13', 'ย', '2026-03-18 20:49:33'),
(541, 2, 5, '2026-04-13', 'บ', '2026-03-18 20:49:33'),
(542, 2, 2, '2026-04-13', 'ร', '2026-03-18 20:49:33'),
(543, 2, 4, '2026-04-14', 'ย', '2026-03-18 20:49:33'),
(544, 2, 3, '2026-04-14', 'บ', '2026-03-18 20:49:33'),
(545, 2, 5, '2026-04-14', 'ร', '2026-03-18 20:49:33'),
(546, 2, 4, '2026-04-15', 'ย', '2026-03-18 20:49:33'),
(547, 2, 5, '2026-04-15', 'บ', '2026-03-18 20:49:33'),
(548, 2, 2, '2026-04-15', 'ร', '2026-03-18 20:49:33'),
(549, 2, 3, '2026-04-16', 'บ', '2026-03-18 20:49:33'),
(550, 2, 2, '2026-04-16', 'ร', '2026-03-18 20:49:33'),
(551, 2, 5, '2026-04-17', 'บ', '2026-03-18 20:49:33'),
(552, 2, 3, '2026-04-17', 'ร', '2026-03-18 20:49:33'),
(553, 2, 2, '2026-04-18', 'ย', '2026-03-18 20:49:33'),
(554, 2, 3, '2026-04-18', 'บ', '2026-03-18 20:49:33'),
(555, 2, 4, '2026-04-18', 'ร', '2026-03-18 20:49:33'),
(556, 2, 4, '2026-04-19', 'ย', '2026-03-18 20:49:33'),
(557, 2, 3, '2026-04-19', 'บ', '2026-03-18 20:49:33'),
(558, 2, 2, '2026-04-19', 'ร', '2026-03-18 20:49:33'),
(559, 2, 4, '2026-04-20', 'บ', '2026-03-18 20:49:33'),
(560, 2, 3, '2026-04-20', 'ร', '2026-03-18 20:49:33'),
(561, 2, 2, '2026-04-21', 'บ', '2026-03-18 20:49:33'),
(562, 2, 5, '2026-04-21', 'ร', '2026-03-18 20:49:33'),
(563, 2, 3, '2026-04-22', 'บ', '2026-03-18 20:49:33'),
(564, 2, 2, '2026-04-22', 'ร', '2026-03-18 20:49:33'),
(565, 2, 2, '2026-04-23', 'บ', '2026-03-18 20:49:33'),
(566, 2, 3, '2026-04-23', 'ร', '2026-03-18 20:49:33'),
(567, 2, 4, '2026-04-24', 'บ', '2026-03-18 20:49:33'),
(568, 2, 3, '2026-04-24', 'ร', '2026-03-18 20:49:33'),
(569, 2, 3, '2026-04-25', 'ย', '2026-03-18 20:49:33'),
(570, 2, 4, '2026-04-25', 'บ', '2026-03-18 20:49:33'),
(571, 2, 2, '2026-04-25', 'ร', '2026-03-18 20:49:33'),
(572, 2, 2, '2026-04-26', 'ย', '2026-03-18 20:49:33'),
(573, 2, 5, '2026-04-26', 'บ', '2026-03-18 20:49:33'),
(574, 2, 3, '2026-04-26', 'ร', '2026-03-18 20:49:33'),
(575, 2, 5, '2026-04-27', 'บ', '2026-03-18 20:49:33'),
(576, 2, 3, '2026-04-27', 'ร', '2026-03-18 20:49:33'),
(577, 2, 3, '2026-04-28', 'บ', '2026-03-18 20:49:33'),
(578, 2, 4, '2026-04-28', 'ร', '2026-03-18 20:49:33'),
(579, 2, 3, '2026-04-29', 'บ', '2026-03-18 20:49:33'),
(580, 2, 5, '2026-04-29', 'ร', '2026-03-18 20:49:33'),
(581, 2, 2, '2026-04-30', 'บ', '2026-03-18 20:49:33'),
(582, 2, 5, '2026-04-30', 'ร', '2026-03-18 20:49:33'),
(637, 2, 3, '2026-05-01', 'บ', '2026-03-22 11:28:50'),
(638, 2, 5, '2026-05-01', 'ร', '2026-03-22 11:28:50'),
(639, 2, 5, '2026-05-02', 'บ', '2026-03-22 11:28:50'),
(640, 2, 2, '2026-05-02', 'ร', '2026-03-22 11:28:50'),
(641, 2, 2, '2026-05-03', 'บ', '2026-03-22 11:28:50'),
(642, 2, 5, '2026-05-03', 'ร', '2026-03-22 11:28:50'),
(643, 2, 4, '2026-05-04', 'ย', '2026-03-22 11:28:50'),
(644, 2, 3, '2026-05-04', 'บ', '2026-03-22 11:28:50'),
(645, 2, 2, '2026-05-04', 'ร', '2026-03-22 11:28:50'),
(646, 2, 4, '2026-05-05', 'ย', '2026-03-22 11:28:50'),
(647, 2, 5, '2026-05-05', 'บ', '2026-03-22 11:28:50'),
(648, 2, 2, '2026-05-05', 'ร', '2026-03-22 11:28:50'),
(649, 2, 4, '2026-05-06', 'ย', '2026-03-22 11:28:50'),
(650, 2, 3, '2026-05-06', 'บ', '2026-03-22 11:28:50'),
(651, 2, 2, '2026-05-06', 'ร', '2026-03-22 11:28:50'),
(652, 2, 3, '2026-05-07', 'บ', '2026-03-22 11:28:50'),
(653, 2, 2, '2026-05-07', 'ร', '2026-03-22 11:28:50'),
(654, 2, 5, '2026-05-08', 'บ', '2026-03-22 11:28:50'),
(655, 2, 4, '2026-05-08', 'ร', '2026-03-22 11:28:50'),
(656, 2, 3, '2026-05-09', 'บ', '2026-03-22 11:28:50'),
(657, 2, 4, '2026-05-09', 'ร', '2026-03-22 11:28:50'),
(658, 2, 4, '2026-05-10', 'บ', '2026-03-22 11:28:50'),
(659, 2, 2, '2026-05-10', 'ร', '2026-03-22 11:28:50'),
(660, 2, 5, '2026-05-11', 'ย', '2026-03-22 11:28:50'),
(661, 2, 2, '2026-05-11', 'บ', '2026-03-22 11:28:50'),
(662, 2, 3, '2026-05-11', 'ร', '2026-03-22 11:28:50'),
(663, 2, 4, '2026-05-12', 'ย', '2026-03-22 11:28:50'),
(664, 2, 3, '2026-05-12', 'บ', '2026-03-22 11:28:50'),
(665, 2, 5, '2026-05-12', 'ร', '2026-03-22 11:28:50'),
(666, 2, 3, '2026-05-13', 'ย', '2026-03-22 11:28:50'),
(667, 2, 5, '2026-05-13', 'บ', '2026-03-22 11:28:50'),
(668, 2, 2, '2026-05-13', 'ร', '2026-03-22 11:28:50'),
(669, 2, 4, '2026-05-14', 'ย', '2026-03-22 11:28:50'),
(670, 2, 3, '2026-05-14', 'บ', '2026-03-22 11:28:50'),
(671, 2, 5, '2026-05-14', 'ร', '2026-03-22 11:28:50'),
(672, 2, 4, '2026-05-15', 'ย', '2026-03-22 11:28:50'),
(673, 2, 5, '2026-05-15', 'บ', '2026-03-22 11:28:50'),
(674, 2, 2, '2026-05-15', 'ร', '2026-03-22 11:28:50'),
(675, 2, 3, '2026-05-16', 'บ', '2026-03-22 11:28:50'),
(676, 2, 2, '2026-05-16', 'ร', '2026-03-22 11:28:50'),
(677, 2, 5, '2026-05-17', 'บ', '2026-03-22 11:28:50'),
(678, 2, 3, '2026-05-17', 'ร', '2026-03-22 11:28:50'),
(679, 2, 2, '2026-05-18', 'ย', '2026-03-22 11:28:50'),
(680, 2, 3, '2026-05-18', 'บ', '2026-03-22 11:28:50'),
(681, 2, 4, '2026-05-18', 'ร', '2026-03-22 11:28:50'),
(682, 2, 4, '2026-05-19', 'ย', '2026-03-22 11:28:50'),
(683, 2, 3, '2026-05-19', 'บ', '2026-03-22 11:28:50'),
(684, 2, 2, '2026-05-19', 'ร', '2026-03-22 11:28:50'),
(685, 2, 4, '2026-05-20', 'บ', '2026-03-22 11:28:50'),
(686, 2, 3, '2026-05-20', 'ร', '2026-03-22 11:28:50'),
(687, 2, 2, '2026-05-21', 'บ', '2026-03-22 11:28:50'),
(688, 2, 5, '2026-05-21', 'ร', '2026-03-22 11:28:50'),
(689, 2, 3, '2026-05-22', 'บ', '2026-03-22 11:28:50'),
(690, 2, 2, '2026-05-22', 'ร', '2026-03-22 11:28:50'),
(691, 2, 2, '2026-05-23', 'บ', '2026-03-22 11:28:50'),
(692, 2, 3, '2026-05-23', 'ร', '2026-03-22 11:28:50'),
(693, 2, 4, '2026-05-24', 'บ', '2026-03-22 11:28:50'),
(694, 2, 3, '2026-05-24', 'ร', '2026-03-22 11:28:50'),
(695, 2, 3, '2026-05-25', 'ย', '2026-03-22 11:28:50'),
(696, 2, 4, '2026-05-25', 'บ', '2026-03-22 11:28:50'),
(697, 2, 2, '2026-05-25', 'ร', '2026-03-22 11:28:50'),
(698, 2, 2, '2026-05-26', 'ย', '2026-03-22 11:28:50'),
(699, 2, 5, '2026-05-26', 'บ', '2026-03-22 11:28:50'),
(700, 2, 3, '2026-05-26', 'ร', '2026-03-22 11:28:50'),
(701, 2, 5, '2026-05-27', 'บ', '2026-03-22 11:28:50'),
(702, 2, 3, '2026-05-27', 'ร', '2026-03-22 11:28:50'),
(703, 2, 3, '2026-05-28', 'บ', '2026-03-22 11:28:50'),
(704, 2, 4, '2026-05-28', 'ร', '2026-03-22 11:28:50'),
(705, 2, 3, '2026-05-29', 'บ', '2026-03-22 11:28:50'),
(706, 2, 5, '2026-05-29', 'ร', '2026-03-22 11:28:50'),
(707, 2, 2, '2026-05-30', 'บ', '2026-03-22 11:28:50'),
(708, 2, 5, '2026-05-30', 'ร', '2026-03-22 11:28:50');

-- --------------------------------------------------------

--
-- Table structure for table `system_logs`
--

CREATE TABLE `system_logs` (
  `id` int(11) NOT NULL,
  `user_id` int(11) DEFAULT NULL COMMENT 'รหัสผู้ใช้งาน (ถ้ามี)',
  `action` varchar(50) NOT NULL COMMENT 'ประเภทการกระทำ เช่น LOGIN, UPDATE, DELETE',
  `description` text DEFAULT NULL COMMENT 'รายละเอียดการกระทำ',
  `ip_address` varchar(45) DEFAULT NULL COMMENT 'ไอพีแอดเดรส',
  `created_at` timestamp NOT NULL DEFAULT current_timestamp() COMMENT 'วันเวลาที่บันทึก'
) ENGINE=InnoDB DEFAULT CHARSET=utf8mb4 COLLATE=utf8mb4_unicode_ci;

-- --------------------------------------------------------

--
-- Table structure for table `system_menus`
--

CREATE TABLE `system_menus` (
  `id` int(11) NOT NULL,
  `menu_name` varchar(100) NOT NULL COMMENT 'ชื่อเมนู',
  `icon` varchar(50) DEFAULT NULL COMMENT 'คลาสของไอคอน (เช่น bi-calendar)',
  `controller` varchar(50) NOT NULL COMMENT 'ชื่อ Controller ที่เรียกใช้งาน',
  `action` varchar(50) NOT NULL DEFAULT 'index' COMMENT 'ชื่อ Action (default: index)',
  `allowed_roles` varchar(255) NOT NULL DEFAULT 'ADMIN' COMMENT 'สิทธิ์ที่มองเห็น (คั่นด้วยลูกน้ำ)',
  `display_order` int(11) NOT NULL DEFAULT 0,
  `is_active` tinyint(1) NOT NULL DEFAULT 1 COMMENT '0 = ปิด, 1 = เปิด',
  `is_core` tinyint(1) NOT NULL DEFAULT 0 COMMENT '1 = ห้ามลบ/ห้ามปิด (สำหรับเมนูหลักของ Admin)',
  `sort_order` int(11) NOT NULL DEFAULT 0 COMMENT 'ลำดับการแสดงผล'
) ENGINE=InnoDB DEFAULT CHARSET=utf8mb4 COLLATE=utf8mb4_unicode_ci;

--
-- Dumping data for table `system_menus`
--

INSERT INTO `system_menus` (`id`, `menu_name`, `icon`, `controller`, `action`, `allowed_roles`, `display_order`, `is_active`, `is_core`, `sort_order`) VALUES
(1, 'แดชบอร์ดสถิติ', 'bi-pie-chart-fill', 'dashboard', 'index', 'SUPERADMIN,ADMIN,DIRECTOR,SCHEDULER,STAFF', 0, 1, 0, 10),
(2, 'ตารางปฏิบัติงาน', 'bi-calendar-event-fill', 'roster', 'index', 'DIRECTOR,SCHEDULER,STAFF', 0, 1, 0, 20),
(3, 'ติดตามการส่งเวร', 'bi-bar-chart-line-fill', 'report', 'overview', 'SUPERADMIN,ADMIN,DIRECTOR,SCHEDULER', 0, 1, 0, 30),
(4, 'ระบบจัดการวันลา', 'bi-calendar-x-fill', 'leave', 'index', 'SUPERADMIN,ADMIN,DIRECTOR,SCHEDULER,STAFF', 0, 1, 0, 40),
(5, 'จัดการบุคลากร', 'bi-people-fill', 'staff', 'index', 'SUPERADMIN,ADMIN,DIRECTOR,SCHEDULER', 0, 1, 0, 50),
(6, 'ตั้งค่าระบบส่วนกลาง', 'bi-gear-wide-connected', 'settings', 'system', 'SUPERADMIN,SUPERADMIN', 0, 1, 1, 99),
(7, 'ประวัติการแจ้งเตือน', 'bi-bell-fill', 'notification', 'index', '', 0, 1, 0, 80),
(8, 'ฐานข้อมูลบุคลากร', 'bi-people-fill', 'users', 'index', 'SUPERADMIN,SUPERADMIN,ADMIN', 0, 1, 0, 45),
(9, 'จัดการ รพ.สต.', 'bi-hospital-fill', 'hospitals', 'index', 'SUPERADMIN,ADMIN', 0, 1, 0, 35),
(11, 'ปฏิทินเวรของฉัน', 'bi-calendar-heart', 'profile', 'schedule', 'ADMIN,DIRECTOR,SCHEDULER,STAFF', 0, 1, 0, 15),
(12, 'โปรไฟล์และการตั้งค่า', 'bi-person-badge', 'profile', 'index', 'ADMIN,DIRECTOR,SCHEDULER,STAFF', 0, 1, 0, 90);

-- --------------------------------------------------------

--
-- Table structure for table `system_settings`
--

CREATE TABLE `system_settings` (
  `setting_key` varchar(50) NOT NULL,
  `setting_value` text DEFAULT NULL,
  `description` varchar(255) DEFAULT NULL
) ENGINE=InnoDB DEFAULT CHARSET=utf8mb4 COLLATE=utf8mb4_unicode_ci;

--
-- Dumping data for table `system_settings`
--

INSERT INTO `system_settings` (`setting_key`, `setting_value`, `description`) VALUES
('app_name', 'Roster Pro', NULL),
('contact_email', '', NULL),
('contact_phone', '', NULL),
('line_notify_on_holiday', '0', 'เปิดแจ้งเตือนเมื่อขอเพิ่มวันหยุด (1=เปิด, 0=ปิด)'),
('line_notify_on_request', '0', 'เปิดแจ้งเตือนเมื่อขอปลดล็อคแก้ไข (1=เปิด, 0=ปิด)'),
('line_notify_on_submit', '0', 'เปิดแจ้งเตือนเมื่อ รพ.สต. ส่งเวร (1=เปิด, 0=ปิด)'),
('line_notify_token', '', 'Token สำหรับส่งแจ้งเตือนเข้ากลุ่มส่วนกลาง'),
('log_retention_days', '90', NULL),
('maintenance_mode', '0', NULL),
('system_announcement', '', NULL);

-- --------------------------------------------------------

--
-- Table structure for table `users`
--

CREATE TABLE `users` (
  `id` int(11) NOT NULL,
  `hospital_id` int(11) DEFAULT NULL COMMENT 'รหัสหน่วยบริการ (NULL = แอดมินส่วนกลาง)',
  `name` varchar(100) NOT NULL,
  `phone` varchar(50) DEFAULT NULL,
  `username` varchar(50) NOT NULL,
  `password` varchar(255) NOT NULL,
  `role` enum('SUPERADMIN','ADMIN','DIRECTOR','SCHEDULER','STAFF') NOT NULL DEFAULT 'STAFF',
  `employee_type` enum('ข้าราชการ/พนักงานท้องถิ่น','พนักงานจ้างตามภารกิจ','พนักงานจ้างทั่วไป') NOT NULL DEFAULT 'ข้าราชการ/พนักงานท้องถิ่น',
  `start_date` date DEFAULT NULL COMMENT 'วันที่บรรจุ/เริ่มงาน',
  `type` varchar(100) DEFAULT NULL COMMENT 'วิชาชีพ/ตำแหน่ง',
  `position_number` varchar(50) DEFAULT NULL,
  `color_theme` varchar(20) DEFAULT 'primary',
  `sort_order` int(11) DEFAULT 0,
  `created_at` datetime DEFAULT current_timestamp(),
  `display_order` int(11) NOT NULL DEFAULT 0
) ENGINE=InnoDB DEFAULT CHARSET=utf8mb4 COLLATE=utf8mb4_general_ci;

--
-- Dumping data for table `users`
--

INSERT INTO `users` (`id`, `hospital_id`, `name`, `phone`, `username`, `password`, `role`, `employee_type`, `start_date`, `type`, `position_number`, `color_theme`, `sort_order`, `created_at`, `display_order`) VALUES
(1, 1, 'ผู้ดูแลระบบ ส่วนกลาง', '', 'admin', '$2y$10$iw3RmD6E5Y6QJ/7n4DnoSu6QyC6yj7MRVNOwX2IPUG.5ILpbYuHKu', 'ADMIN', 'ข้าราชการ/พนักงานท้องถิ่น', NULL, 'นักวิชาการคอมพิวเตอร์', NULL, 'primary', 0, '2026-03-12 22:27:09', 0),
(2, 2, 'นางเขมจิรา จันทร', '', 'director1', '$2a$12$LwO6GporWNzUqyMvZqCIWeisQIDAOgjIajwtkuK0o9GYpOQAgEEQK', 'DIRECTOR', 'ข้าราชการ/พนักงานท้องถิ่น', NULL, 'ผู้อำนวยการ รพ.สต.', NULL, 'primary', 0, '2026-03-12 22:27:09', 1),
(3, 2, 'นางนภัส สิทธิโชค', NULL, 'scheduler1', '$2a$12$LwO6GporWNzUqyMvZqCIWeisQIDAOgjIajwtkuK0o9GYpOQAgEEQK', 'SCHEDULER', 'ข้าราชการ/พนักงานท้องถิ่น', NULL, 'พยาบาลวิชาชีพ', NULL, 'primary', 1, '2026-03-12 22:27:09', 3),
(4, 2, 'นางสาวสุภาพร ศรีชำนาญชาญชัย', '', 'staff1', '$2a$12$LwO6GporWNzUqyMvZqCIWeisQIDAOgjIajwtkuK0o9GYpOQAgEEQK', 'STAFF', 'ข้าราชการ/พนักงานท้องถิ่น', '2020-02-03', 'แพทย์แผนไทย', '', 'primary', 3, '2026-03-12 22:27:09', 4),
(5, 2, 'นายชนินทร์ แสงนวล', NULL, 'staff2', '$2a$12$LwO6GporWNzUqyMvZqCIWeisQIDAOgjIajwtkuK0o9GYpOQAgEEQK', 'STAFF', 'ข้าราชการ/พนักงานท้องถิ่น', NULL, 'นักวิชาการสาธารณสุข', NULL, 'primary', 2, '2026-03-12 22:27:09', 2),
(6, 3, 'นายสมชาย ใจดี', NULL, 'director2', '$2a$12$LwO6GporWNzUqyMvZqCIWeisQIDAOgjIajwtkuK0o9GYpOQAgEEQK', 'DIRECTOR', 'ข้าราชการ/พนักงานท้องถิ่น', NULL, 'ผู้อำนวยการ รพ.สต.', NULL, 'primary', 0, '2026-03-12 22:27:09', 0),
(7, 3, 'นางสาวสมหญิง รักงาน', NULL, 'scheduler2', '$2a$12$LwO6GporWNzUqyMvZqCIWeisQIDAOgjIajwtkuK0o9GYpOQAgEEQK', 'SCHEDULER', 'ข้าราชการ/พนักงานท้องถิ่น', NULL, 'พยาบาลวิชาชีพ', NULL, 'primary', 0, '2026-03-12 22:27:09', 0),
(8, NULL, 'ปฐวีกานต์ ศรีคราม', '0981051534', 'superadmin', '$2y$10$nkwGdKN4doGa/BPs4YVoIe.i0QlihclzXeNe5X6uo6XS0urQZ9eTC', 'SUPERADMIN', 'ข้าราชการ/พนักงานท้องถิ่น', NULL, 'นักวิชาการคอมพิวเตอร์ปฏิบัติการ', NULL, 'primary', 0, '2026-03-14 13:56:50', 0);

--
-- Indexes for dumped tables
--

--
-- Indexes for table `holidays`
--
ALTER TABLE `holidays`
  ADD PRIMARY KEY (`id`);

--
-- Indexes for table `hospitals`
--
ALTER TABLE `hospitals`
  ADD PRIMARY KEY (`id`);

--
-- Indexes for table `leave_balances`
--
ALTER TABLE `leave_balances`
  ADD PRIMARY KEY (`id`),
  ADD UNIQUE KEY `unique_user_year_leave` (`user_id`,`budget_year`,`leave_type_id`);

--
-- Indexes for table `leave_quotas`
--
ALTER TABLE `leave_quotas`
  ADD PRIMARY KEY (`id`);

--
-- Indexes for table `leave_requests`
--
ALTER TABLE `leave_requests`
  ADD PRIMARY KEY (`id`);

--
-- Indexes for table `logs`
--
ALTER TABLE `logs`
  ADD PRIMARY KEY (`id`),
  ADD KEY `user_id` (`user_id`);

--
-- Indexes for table `notifications`
--
ALTER TABLE `notifications`
  ADD PRIMARY KEY (`id`);

--
-- Indexes for table `pay_rates`
--
ALTER TABLE `pay_rates`
  ADD PRIMARY KEY (`id`);

--
-- Indexes for table `roster_status`
--
ALTER TABLE `roster_status`
  ADD PRIMARY KEY (`id`),
  ADD UNIQUE KEY `hosp_month_unique` (`hospital_id`,`month_year`);

--
-- Indexes for table `shifts`
--
ALTER TABLE `shifts`
  ADD PRIMARY KEY (`id`),
  ADD UNIQUE KEY `user_date_unique` (`user_id`,`shift_date`);

--
-- Indexes for table `system_logs`
--
ALTER TABLE `system_logs`
  ADD PRIMARY KEY (`id`);

--
-- Indexes for table `system_menus`
--
ALTER TABLE `system_menus`
  ADD PRIMARY KEY (`id`);

--
-- Indexes for table `system_settings`
--
ALTER TABLE `system_settings`
  ADD PRIMARY KEY (`setting_key`);

--
-- Indexes for table `users`
--
ALTER TABLE `users`
  ADD PRIMARY KEY (`id`),
  ADD UNIQUE KEY `username` (`username`);

--
-- AUTO_INCREMENT for dumped tables
--

--
-- AUTO_INCREMENT for table `holidays`
--
ALTER TABLE `holidays`
  MODIFY `id` int(11) NOT NULL AUTO_INCREMENT, AUTO_INCREMENT=7;

--
-- AUTO_INCREMENT for table `hospitals`
--
ALTER TABLE `hospitals`
  MODIFY `id` int(11) NOT NULL AUTO_INCREMENT, AUTO_INCREMENT=4;

--
-- AUTO_INCREMENT for table `leave_balances`
--
ALTER TABLE `leave_balances`
  MODIFY `id` int(11) NOT NULL AUTO_INCREMENT, AUTO_INCREMENT=317;

--
-- AUTO_INCREMENT for table `leave_quotas`
--
ALTER TABLE `leave_quotas`
  MODIFY `id` int(11) NOT NULL AUTO_INCREMENT, AUTO_INCREMENT=12;

--
-- AUTO_INCREMENT for table `leave_requests`
--
ALTER TABLE `leave_requests`
  MODIFY `id` int(11) NOT NULL AUTO_INCREMENT, AUTO_INCREMENT=21;

--
-- AUTO_INCREMENT for table `logs`
--
ALTER TABLE `logs`
  MODIFY `id` int(11) NOT NULL AUTO_INCREMENT, AUTO_INCREMENT=59;

--
-- AUTO_INCREMENT for table `notifications`
--
ALTER TABLE `notifications`
  MODIFY `id` int(11) NOT NULL AUTO_INCREMENT, AUTO_INCREMENT=64;

--
-- AUTO_INCREMENT for table `pay_rates`
--
ALTER TABLE `pay_rates`
  MODIFY `id` int(11) NOT NULL AUTO_INCREMENT, AUTO_INCREMENT=4;

--
-- AUTO_INCREMENT for table `roster_status`
--
ALTER TABLE `roster_status`
  MODIFY `id` int(11) NOT NULL AUTO_INCREMENT, AUTO_INCREMENT=7;

--
-- AUTO_INCREMENT for table `shifts`
--
ALTER TABLE `shifts`
  MODIFY `id` int(11) NOT NULL AUTO_INCREMENT, AUTO_INCREMENT=709;

--
-- AUTO_INCREMENT for table `system_logs`
--
ALTER TABLE `system_logs`
  MODIFY `id` int(11) NOT NULL AUTO_INCREMENT;

--
-- AUTO_INCREMENT for table `system_menus`
--
ALTER TABLE `system_menus`
  MODIFY `id` int(11) NOT NULL AUTO_INCREMENT, AUTO_INCREMENT=13;

--
-- AUTO_INCREMENT for table `users`
--
ALTER TABLE `users`
  MODIFY `id` int(11) NOT NULL AUTO_INCREMENT, AUTO_INCREMENT=9;

--
-- Constraints for dumped tables
--

--
-- Constraints for table `logs`
--
ALTER TABLE `logs`
  ADD CONSTRAINT `fk_logs_user` FOREIGN KEY (`user_id`) REFERENCES `users` (`id`) ON DELETE SET NULL ON UPDATE CASCADE;
COMMIT;

/*!40101 SET CHARACTER_SET_CLIENT=@OLD_CHARACTER_SET_CLIENT */;
/*!40101 SET CHARACTER_SET_RESULTS=@OLD_CHARACTER_SET_RESULTS */;
/*!40101 SET COLLATION_CONNECTION=@OLD_COLLATION_CONNECTION */;
